ticker,setup,entry_date,exit_date,entry,exit,qty,days,pnl,pnl_pct,r,reason,m_r6m
LDOS,pullback,2016-01-20,2016-01-21,34.2833,33.2673,29,1,-38.28,-3.83,-0.561,SMA50 이탈,41.6
TAL,pullback,2016-01-21,2016-01-22,7.3701,7.3037,120,1,-15.89,-1.79,-0.23,SMA50 이탈,29.1
ANF,pullback,2016-01-22,2016-01-25,21.8064,20.5333,39,1,-57.08,-6.68,-0.839,SMA50 이탈,26.6
MTN,pullback,2016-01-22,2016-01-27,90.2076,87.4888,10,3,-35.19,-3.88,-0.513,SMA50 이탈,13.3
PLAB,pullback,2016-01-25,2016-01-27,12.13,11.76,83,2,-39.63,-3.92,-0.594,SMA50 이탈,45.7
W,pullback,2016-01-25,2016-02-02,43.96,40.4432,10,6,-38.97,-8.82,-1.108,손절,13.9
EXR,pullback,2016-01-25,2016-02-04,59.1022,57.9975,17,8,-27.74,-2.75,-0.483,SMA50 이탈,25.2
TAL,pullback,2016-01-28,2016-02-05,7.4697,7.5576,111,6,2.26,0.27,0.034,SMA50 이탈,34.8
MKTX,pullback,2016-01-28,2016-02-05,98.3352,95.9939,8,6,-25.73,-3.26,-0.409,SMA50 이탈,11.3
RLI,pullback,2016-02-10,2016-02-11,20.7093,20.4141,46,1,-22.09,-2.31,-0.432,SMA50 이탈,13.4
MCD,pullback,2016-02-16,2016-02-18,91.0445,90.0835,10,2,-17.76,-1.94,-0.338,SMA50 이탈,20.7
NJR,pullback,2016-02-19,2016-02-26,24.485,23.7773,34,5,-31.44,-3.76,-1.024,SMA50 이탈,19.2
CUBE,pullback,2016-02-26,2016-02-29,19.4654,19.2338,41,1,-16.63,-2.07,-0.261,SMA50 이탈,25.1
EGHT,pullback,2016-02-29,2016-03-04,11.54,11.28,69,4,-25.03,-3.13,-0.393,SMA50 이탈,49.3
NJR,pullback,2016-03-04,2016-03-07,24.2019,24.0179,31,1,-12.43,-1.65,-0.467,SMA50 이탈,26.0
CPK,pullback,2016-03-18,2016-03-21,51.2792,49.266,16,1,-39.45,-4.79,-0.601,SMA50 이탈,28.6
BMA,pullback,2016-03-21,2016-03-29,43.6398,41.729,19,5,-43.61,-5.24,-1.201,손절,53.7
META,pullback,2016-02-18,2016-04-11,104.879,108.0412,7,36,15.43,2.09,0.263,SMA50 이탈,12.0
MXL,pullback,2016-03-29,2016-04-19,17.87,16.4404,44,15,-69.7,-8.82,-1.108,손절,46.8
MKTX,pullback,2016-02-16,2016-04-29,99.5354,110.8196,8,52,101.18,12.65,1.588,SMA50 이탈,15.6
ROCK,pullback,2016-04-11,2016-04-29,27.36,26.45,36,14,-41.48,-4.19,-0.711,SMA50 이탈,44.7
PKX,pullback,2016-04-29,2016-05-02,46.9985,44.3458,12,1,-36.76,-6.49,-1.155,손절,27.3
SBSW,pullback,2016-04-29,2016-05-03,10.893,10.5919,76,2,-30.24,-3.64,-0.457,SMA50 이탈,115.4
OLED,pullback,2016-05-03,2016-05-04,55.0188,52.6224,17,1,-48.97,-5.21,-1.202,손절,67.0
CCOI,pullback,2016-04-19,2016-05-05,23.778,22.7377,39,12,-48.73,-5.23,-1.201,손절,32.3
FCFS,pullback,2016-05-04,2016-05-16,40.5066,39.4351,22,8,-31.49,-3.52,-0.709,SMA50 이탈,22.1
AEIS,pullback,2016-05-03,2016-05-17,33.5887,32.8538,11,10,-11.37,-3.06,-0.403,SMA50 이탈,19.5
TAL,pullback,2016-05-17,2016-05-18,9.0466,8.7677,102,1,-36.62,-3.95,-0.884,SMA50 이탈,33.4
SA,pullback,2016-05-17,2016-05-19,13.91,12.39,56,2,-91.75,-11.73,-1.472,갭하락 손절,81.0
BW,pullback,2016-05-18,2016-05-19,217.8,213.0,4,1,-26.95,-3.08,-0.642,SMA50 이탈,28.1
LGND,pullback,2016-05-19,2016-06-01,74.6039,73.4872,10,8,-17.83,-2.38,-0.461,SMA50 이탈,20.6
EDU,pullback,2016-02-17,2016-06-09,30.5125,37.8219,26,79,150.63,18.9,2.373,SMA50 이탈,42.9
BANC,pullback,2016-03-07,2016-06-14,11.7145,15.1406,64,69,137.44,18.25,3.904,SMA50 이탈,25.0
INO,pullback,2016-05-19,2016-06-22,124.08,122.4,6,23,-16.73,-2.24,-0.281,SMA50 이탈,48.6
PRMB,pullback,2016-05-05,2016-06-24,10.678,11.4739,84,35,60.78,6.75,1.701,SMA50 이탈,32.6
MTW,pullback,2016-06-02,2016-06-24,23.08,22.16,34,16,-38.2,-4.85,-0.633,SMA50 이탈,51.0
MTZ,pullback,2016-06-15,2016-06-24,23.14,21.978,20,7,-27.3,-5.87,-1.175,손절,34.3
AR,pullback,2016-06-22,2016-06-24,28.69,27.38,25,2,-39.06,-5.42,-0.741,SMA50 이탈,37.8
WCC,pullback,2016-06-24,2016-06-27,53.8893,51.5855,15,1,-41.68,-5.13,-1.206,손절,36.0
EGO,pullback,2016-06-27,2016-07-20,22.5062,21.3685,31,16,-41.39,-5.91,-0.742,SMA50 이탈,40.1
RYZ,pullback,2016-06-29,2016-07-20,14.0118,12.8909,50,14,21.59,3.07,0.385,손절,236.6
PAAS,pullback,2016-06-09,2016-08-24,13.5525,15.6141,36,53,71.41,14.57,1.829,SMA50 이탈,117.5
AEM,pullback,2016-07-25,2016-08-24,44.2793,43.3211,19,22,10.56,1.25,0.414,SMA50 이탈,98.1
SSRM,pullback,2016-08-24,2016-08-25,13.657,12.2675,69,1,-103.92,-10.98,-2.268,갭하락 손절,151.5
EVH,pullback,2016-08-24,2016-09-07,24.5,23.068,38,9,-62.55,-6.69,-1.149,손절,185.8
QUAD,pullback,2016-06-29,2016-09-09,14.3763,17.4467,4,50,9.31,16.12,2.494,SMA50 이탈,138.4
CENT,pullback,2016-08-26,2016-09-09,20.4777,19.6139,45,9,-46.99,-5.08,-1.209,손절,87.6
CDE,pullback,2016-09-07,2016-09-09,14.8733,13.6834,51,2,-67.24,-8.82,-1.108,손절,220.4
BVN,pullback,2016-09-09,2016-09-16,13.6053,12.697,53,5,-54.41,-7.51,-0.943,SMA50 이탈,165.7
XNCR,pullback,2016-09-09,2016-10-12,21.14,21.33,22,23,30.86,6.61,0.932,SMA50 이탈,76.4
FIVN,pullback,2016-06-24,2016-10-13,11.26,14.3,76,77,154.77,18.0,3.246,SMA50 이탈,49.8
GKOS,pullback,2016-09-09,2016-10-26,31.39,34.52,23,33,87.77,12.1,1.52,SMA50 이탈,92.2
WB,pullback,2016-09-16,2016-10-27,35.0893,35.4893,22,29,1.81,0.23,0.029,SMA50 이탈,170.6
LKFT,pullback,2016-10-14,2016-10-28,65.33,62.3106,14,10,-50.31,-5.48,-1.19,손절,45.7
MU,pullback,2016-10-17,2016-11-01,16.5968,16.5578,27,11,-5.08,-1.13,-0.191,SMA50 이탈,57.3
QLYS,pullback,2016-11-01,2016-11-02,37.3,36.05,24,1,-37.92,-4.22,-0.787,SMA50 이탈,44.9
GPRE,pullback,2016-11-02,2016-11-03,24.4273,23.7759,36,1,-31.26,-3.54,-0.643,SMA50 이탈,65.2
CNX,pullback,2016-11-02,2016-11-03,15.1583,13.9457,45,1,-60.46,-8.82,-1.108,손절,26.4
MGPI,pullback,2016-11-03,2016-11-04,35.8201,35.3324,20,1,-16.16,-2.25,-0.282,SMA50 이탈,50.6
CX,pullback,2016-11-04,2016-11-09,7.7413,7.4569,1,3,-0.35,-4.54,-1.464,갭하락 손절,24.6
BZUN,pullback,2016-11-09,2016-11-10,13.22,14.39,28,1,31.01,8.34,1.712,SMA50 이탈,167.4
HPQ,pullback,2016-11-03,2016-11-23,10.4471,10.5895,73,14,3.49,0.46,0.065,SMA50 이탈,30.3
AMRN,pullback,2016-11-10,2016-12-01,63.4,61.6,6,14,-14.18,-3.71,-0.466,SMA50 이탈,100.6
TECK,pullback,2016-07-22,2016-12-13,12.1246,19.4262,60,100,269.45,36.87,4.63,SMA50 이탈,267.1
GLNG,pullback,2016-12-01,2016-12-14,21.7131,19.9761,36,9,-69.29,-8.82,-1.108,손절,49.0
WOR,pullback,2016-11-04,2016-12-20,23.8795,26.3127,29,31,61.92,8.9,1.87,SMA50 이탈,28.8
AAOI,pullback,2016-12-20,2016-12-30,25.17,23.44,16,7,-31.18,-7.71,-0.968,SMA50 이탈,147.1
TTMI,pullback,2016-11-23,2017-01-06,13.68,13.55,60,29,-15.15,-1.84,-0.231,SMA50 이탈,81.9
BKR,pullback,2017-01-03,2017-01-09,35.3511,34.2844,11,4,-15.18,-3.89,-1.327,갭하락 손절,42.7
HDSN,pullback,2016-12-13,2017-01-17,7.63,7.53,77,22,-12.95,-2.19,-0.276,SMA50 이탈,132.5
XPO,pullback,2017-01-17,2017-01-19,15.5807,14.9478,38,2,-29.27,-4.92,-0.817,SMA50 이탈,78.0
MT,pullback,2017-01-06,2017-01-31,20.9908,21.1811,38,16,0.02,0.0,0.0,SMA50 이탈,67.0
DXPE,pullback,2017-01-09,2017-02-08,36.02,36.58,10,21,21.07,5.82,0.974,SMA50 이탈,108.0
CRK,pullback,2017-02-09,2017-02-16,11.2618,10.3609,70,5,-69.88,-8.82,-1.108,손절,187.1
BCRX,pullback,2017-02-16,2017-02-21,6.41,6.1,122,2,-44.69,-5.69,-0.714,SMA50 이탈,41.0
PRAA,pullback,2017-01-31,2017-03-01,38.75,36.729,23,20,-54.3,-6.06,-1.168,손절,39.6
LRN,pullback,2017-02-21,2017-03-08,18.26,17.86,47,11,-26.44,-3.07,-0.83,SMA50 이탈,54.3
TTMI,pullback,2017-03-08,2017-03-21,16.14,15.51,52,9,-40.17,-4.76,-1.094,SMA50 이탈,48.3
AMD,pullback,2017-03-21,2017-03-27,14.4,13.248,53,4,-67.65,-8.82,-1.108,손절,138.0
AEIS,pullback,2016-11-02,2017-04-13,47.2083,63.1502,18,111,178.41,20.9,4.109,SMA50 이탈,39.0
INCY,pullback,2017-04-13,2017-04-17,139.66,124.97,6,1,-95.29,-11.32,-2.054,갭하락 손절,50.1
CORT,pullback,2017-03-27,2017-04-21,9.98,9.4545,91,18,16.41,1.8,0.343,손절,55.9
MU,pullback,2017-01-19,2017-05-17,20.9654,26.3287,27,82,69.35,12.2,14.215,SMA50 이탈,68.8
KYNB,pullback,2017-04-18,2017-05-30,632.5,643.75,1,29,5.51,0.87,0.109,SMA50 이탈,40.2
TBPH,pullback,2017-05-30,2017-05-31,37.3,36.5,19,1,-21.51,-3.02,-0.405,SMA50 이탈,28.0
BAK,pullback,2017-05-31,2017-06-02,15.9762,15.8388,45,2,-12.63,-1.75,-0.22,SMA50 이탈,35.7
BCO,pullback,2016-12-14,2017-06-08,38.3941,59.6139,18,120,238.94,34.42,4.322,120일 만료,47.2
KRNT,pullback,2017-06-08,2017-06-09,19.7,19.1,45,1,-34.86,-3.91,-0.491,SMA50 이탈,63.7
TGTX,pullback,2017-06-02,2017-06-12,11.95,11.15,59,6,27.66,3.91,0.49,SMA50 이탈,110.7
UCTT,pullback,2017-04-21,2017-06-20,16.04,20.31,48,41,155.26,20.08,2.569,SMA50 이탈,110.7
NNBR,pullback,2017-06-12,2017-06-21,27.1611,26.2098,14,7,-16.68,-4.37,-0.732,SMA50 이탈,60.0
SHOP,pullback,2017-06-20,2017-06-27,9.111,8.704,53,5,-25.82,-5.32,-0.668,SMA50 이탈,113.5
MLCO,pullback,2017-03-01,2017-06-29,15.7675,20.7198,53,84,180.39,21.49,3.215,SMA50 이탈,36.6
PEGA,pullback,2017-06-29,2017-07-03,29.8314,28.1613,22,2,-42.48,-6.44,-1.156,손절,66.9
GGAL,pullback,2017-07-03,2017-07-06,31.6456,30.9061,20,2,-20.42,-3.21,-0.403,SMA50 이탈,59.3
AKBA,pullback,2017-06-12,2017-07-11,13.95,13.98,61,20,57.78,6.76,0.877,SMA50 이탈,66.1
SHOP,pullback,2017-07-11,2017-07-17,9.076,9.049,94,4,-10.2,-1.19,-0.15,SMA50 이탈,94.0
BMA,pullback,2017-06-21,2017-07-18,56.1738,57.1642,6,18,0.25,0.07,0.767,SMA50 이탈,42.1
PI,pullback,2017-07-18,2017-07-20,54.29,49.9468,16,2,-77.0,-8.82,-1.108,손절,61.7
PENN,pullback,2017-07-20,2017-07-21,20.75,20.5,41,1,-17.86,-2.09,-0.564,SMA50 이탈,57.8
ACLS,pullback,2017-07-18,2017-07-31,22.85,22.2,38,9,-32.4,-3.72,-0.466,SMA50 이탈,43.7
TDOC,pullback,2017-07-31,2017-08-01,34.1,32.55,25,1,-46.25,-5.4,-0.678,SMA50 이탈,64.2
ALNY,pullback,2017-07-21,2017-08-10,81.59,75.2598,10,14,-70.36,-8.59,-1.112,손절,106.0
NVCR,pullback,2017-08-10,2017-08-11,19.75,18.17,44,1,-77.03,-8.82,-1.108,손절,199.3
LNTH,pullback,2017-08-14,2017-08-15,18.25,16.79,48,1,-77.65,-8.82,-1.108,손절,104.8
NVCR,pullback,2017-08-15,2017-09-29,19.1,19.85,45,32,76.37,8.85,1.111,SMA50 이탈,159.2
IAG,pullback,2017-09-29,2017-10-02,6.63,6.03,148,1,-97.23,-9.86,-1.239,갭하락 손절,69.5
FIZZ,pullback,2017-05-17,2017-10-03,30.7266,39.9431,31,96,192.12,20.08,3.131,SMA50 이탈,89.7
PTCT,pullback,2017-10-02,2017-10-03,19.75,18.17,48,1,-84.03,-8.82,-1.108,손절,103.4
PTCT,pullback,2017-10-03,2017-10-04,20.84,18.78,42,1,-94.01,-10.69,-1.343,갭하락 손절,114.3
BZUN,pullback,2017-10-03,2017-10-06,36.86,33.9112,25,3,-81.68,-8.82,-1.108,손절,133.7
PTCT,pullback,2017-10-06,2017-10-09,19.76,18.0,43,1,-82.99,-9.72,-1.221,갭하락 손절,104.5
ETSY,pullback,2017-10-09,2017-10-11,16.7,16.34,46,2,-23.4,-3.03,-0.792,SMA50 이탈,59.7
TREE,pullback,2017-07-06,2017-10-17,172.55,236.3,3,72,83.61,16.08,4.474,SMA50 이탈,77.3
BZUN,pullback,2017-10-17,2017-10-19,36.75,33.81,6,2,-19.55,-8.82,-1.108,손절,148.9
ANGI,pullback,2017-10-19,2017-10-23,123.9,119.9,1,2,-5.1,-4.1,-0.514,SMA50 이탈,108.7
TAL,pullback,2017-06-27,2017-10-25,20.08,32.37,50,84,351.67,34.87,6.384,SMA50 이탈,78.2
KURA,pullback,2017-10-12,2017-10-27,14.35,13.202,52,11,-66.14,-8.82,-1.108,손절,43.5
NTLA,pullback,2017-10-23,2017-11-01,28.28,26.037,7,7,9.38,4.72,0.598,손절,100.1
CORT,pullback,2017-08-01,2017-11-03,12.5,17.32,82,67,247.81,24.07,4.091,SMA50 이탈,68.5
IPI,pullback,2017-11-01,2017-11-08,40.1,39.1,5,5,-6.78,-3.37,-0.423,SMA50 이탈,118.5
HIMX,pullback,2017-10-27,2017-11-10,7.4396,7.0424,106,10,-49.01,-6.19,-0.777,SMA50 이탈,50.4
HTHT,pullback,2017-11-08,2017-11-14,27.1144,26.0427,13,4,-17.04,-4.81,-0.604,SMA50 이탈,72.4
SQM,pullback,2017-10-04,2017-11-15,40.5432,39.6463,19,30,-23.9,-3.09,-0.388,SMA50 이탈,72.3
YELP,pullback,2017-11-10,2017-11-30,45.23,44.55,16,13,10.41,1.43,0.464,SMA50 이탈,58.7
ALNY,pullback,2017-10-25,2017-12-06,117.0,124.57,6,29,57.28,8.12,1.391,SMA50 이탈,116.7
CMCO,pullback,2017-11-15,2017-12-08,34.1548,34.7863,21,16,24.47,3.4,0.966,SMA50 이탈,57.2
CVLG,pullback,2017-11-14,2017-12-14,13.5102,13.2433,26,21,-10.07,-2.85,-0.659,SMA50 이탈,68.0
NRG,pullback,2017-11-03,2017-12-19,21.4035,22.3466,44,31,77.72,8.22,1.18,SMA50 이탈,73.2
RH,pullback,2017-12-19,2017-12-22,104.73,96.3516,4,3,-37.13,-8.82,-1.108,손절,96.4
SEDG,pullback,2017-12-08,2018-01-10,36.65,36.6,22,21,-8.35,-1.03,-0.129,SMA50 이탈,89.8
TREX,pullback,2017-12-22,2018-01-16,27.1425,27.345,30,14,23.32,2.85,0.84,SMA50 이탈,58.5
CF,pullback,2017-11-30,2018-02-02,29.62,32.1495,28,43,93.84,11.26,1.414,SMA50 이탈,38.8
CGC,pullback,2017-12-06,2018-02-02,148.15,194.0,5,39,177.46,23.85,2.995,SMA50 이탈,179.0
VNOM,pullback,2018-02-02,2018-02-06,14.77,13.8941,75,2,-75.37,-6.77,-1.147,손절,46.5
JOYY,pullback,2017-12-14,2018-02-07,84.9722,92.4203,4,36,38.84,11.38,1.428,SMA50 이탈,101.7
ASMB,pullback,2018-01-16,2018-02-07,546.84,544.32,1,16,-7.43,-1.35,-0.17,SMA50 이탈,103.1
SRPT,pullback,2018-01-10,2018-02-08,56.0,57.17,19,20,84.0,7.86,1.059,SMA50 이탈,64.2
WLK,pullback,2018-02-07,2018-02-08,93.3773,88.6203,10,1,-55.76,-5.94,-0.776,SMA50 이탈,54.5
TGS,pullback,2018-02-07,2018-02-08,19.8361,18.2492,13,1,-22.86,-8.82,-1.108,손절,42.1
ANAB,pullback,2018-02-08,2018-02-09,74.4333,68.4787,11,1,-72.58,-8.82,-1.108,손절,419.9
ANF,pullback,2018-02-08,2018-02-09,19.603,18.0347,41,1,-71.24,-8.82,-1.108,손절,116.3
BOOT,pullback,2018-02-02,2018-02-20,18.6,17.112,49,11,-80.79,-8.82,-1.108,손절,103.5
GDS,pullback,2018-02-20,2018-02-28,27.97,25.7324,32,6,-79.34,-8.82,-1.108,손절,208.2
QURE,pullback,2018-02-07,2018-03-16,18.9,21.59,48,26,128.35,14.08,1.769,SMA50 이탈,133.4
KURA,pullback,2018-02-12,2018-03-20,19.05,19.65,45,25,72.78,8.45,1.061,SMA50 이탈,190.1
MGPI,pullback,2018-03-20,2018-03-21,75.0398,73.9266,11,1,-19.62,-2.37,-0.297,SMA50 이탈,37.7
NVDA,pullback,2018-02-08,2018-03-23,5.7752,5.7563,1,30,-0.07,-1.22,-0.153,SMA50 이탈,34.6
GDS,pullback,2018-03-21,2018-03-23,28.22,26.21,31,2,-69.9,-7.95,-0.999,SMA50 이탈,156.8
TEAM,pullback,2018-03-01,2018-03-27,54.57,54.01,16,18,-16.78,-1.91,-0.24,SMA50 이탈,56.5
GDS,pullback,2018-03-27,2018-03-28,27.95,25.714,25,1,-61.94,-8.82,-1.108,손절,133.8
COLL,pullback,2018-02-13,2018-04-02,23.5,23.64,36,32,62.27,7.33,0.92,SMA50 이탈,128.4
RCKT,pullback,2018-03-27,2018-04-02,17.61,17.16,49,3,48.35,5.58,0.7,SMA50 이탈,183.9
QURE,pullback,2018-03-27,2018-04-02,24.2,22.264,35,3,-75.08,-8.82,-1.108,손절,150.2
RCKT,pullback,2018-04-02,2018-04-03,18.56,17.0752,44,1,-72.39,-8.82,-1.108,손절,172.5
GDS,pullback,2018-04-02,2018-04-03,27.34,25.95,30,1,-48.89,-5.93,-0.745,SMA50 이탈,140.2
SEDG,pullback,2018-04-03,2018-04-30,55.1,52.65,14,19,-41.09,-5.3,-0.666,SMA50 이탈,87.8
SEDG,pullback,2018-04-30,2018-05-01,53.0,52.55,19,1,-17.57,-1.74,-0.355,SMA50 이탈,73.5
BZUN,pullback,2018-05-01,2018-05-15,45.81,45.18,18,10,-18.71,-2.26,-0.284,SMA50 이탈,52.5
LE,pullback,2018-05-16,2018-05-17,20.1,19.85,43,1,-18.48,-2.13,-0.271,SMA50 이탈,54.1
ETSY,pullback,2018-03-28,2018-05-22,27.89,28.99,23,38,44.87,6.96,1.208,SMA50 이탈,63.7
ANF,pullback,2018-05-17,2018-05-22,24.761,23.2128,34,3,-59.98,-7.09,-0.891,SMA50 이탈,124.2
EC,pullback,2018-03-16,2018-05-25,7.4969,8.8341,141,49,155.0,14.6,2.189,SMA50 이탈,91.2
NTNX,pullback,2018-04-02,2018-05-25,48.28,52.5,9,39,44.43,10.18,1.438,SMA50 이탈,112.3
ANF,pullback,2018-05-25,2018-05-29,23.5884,23.2495,41,1,-22.54,-2.32,-0.652,SMA50 이탈,58.9
RPD,pullback,2018-05-25,2018-06-18,30.63,28.8882,2,15,-4.02,-6.53,-1.154,손절,58.9
BXC,pullback,2018-05-25,2018-06-20,37.48,39.77,26,17,68.23,6.97,1.434,SMA50 이탈,305.5
TGTX,pullback,2018-06-20,2018-06-21,14.1,13.85,46,1,-17.29,-2.65,-0.364,SMA50 이탈,69.1
RCKT,pullback,2018-06-18,2018-06-22,21.57,19.8444,46,4,-87.95,-8.82,-1.108,손절,136.9
XNCR,pullback,2018-06-21,2018-06-25,40.05,38.8278,16,2,-25.23,-3.92,-1.29,손절,74.7
EDIT,pullback,2018-05-24,2018-06-27,35.98,35.68,23,23,-14.32,-1.72,-0.216,SMA50 이탈,41.6
PTCT,pullback,2018-05-29,2018-06-27,30.57,31.72,31,21,73.89,7.76,1.164,SMA50 이탈,94.4
CRSP,pullback,2018-06-27,2018-06-28,64.29,59.1468,13,1,-74.08,-8.82,-1.108,손절,203.1
WTI,pullback,2018-06-28,2018-07-02,6.7791,6.5515,128,2,-36.8,-4.22,-0.53,SMA50 이탈,114.8
EGAN,pullback,2018-06-27,2018-07-16,13.0,12.55,34,12,23.61,5.32,0.668,SMA50 이탈,175.5
MDGL,pullback,2018-07-16,2018-07-24,295.75,272.09,3,6,-78.65,-8.82,-1.108,손절,200.2
GOOS,pullback,2018-04-04,2018-08-08,33.03,55.91,23,88,267.21,35.02,11.81,SMA50 이탈,64.6
GPRK,pullback,2018-07-24,2018-08-08,15.8703,15.5083,53,11,-26.67,-3.16,-0.475,SMA50 이탈,92.1
NOG,pullback,2018-06-25,2018-08-13,22.5942,24.1797,39,34,94.04,10.62,1.334,SMA50 이탈,75.3
ARWR,pullback,2018-08-08,2018-08-16,15.44,14.2048,59,6,-80.75,-8.82,-1.108,손절,164.4
CERS,pullback,2018-08-13,2018-08-16,7.19,6.91,131,3,-44.99,-4.76,-0.862,SMA50 이탈,82.2
ETSY,pullback,2018-08-08,2018-10-04,43.53,46.02,20,40,86.29,9.87,1.239,SMA50 이탈,134.3
MED,pullback,2018-07-02,2018-10-05,130.6307,173.5934,6,67,183.67,23.33,2.929,SMA50 이탈,129.9
ITGR,pullback,2018-08-17,2018-10-09,70.6,76.23,9,36,49.61,7.77,1.608,SMA50 이탈,58.9
TKO,pullback,2018-08-17,2018-10-10,71.7179,75.0779,15,37,60.62,5.61,1.373,SMA50 이탈,118.1
RAMP,pullback,2018-10-04,2018-10-10,48.49,45.3024,23,4,-83.02,-7.41,-1.132,손절,101.1
HAE,pullback,2018-10-09,2018-10-10,109.28,105.67,5,1,-22.89,-4.17,-1.067,SMA50 이탈,49.6
VNOM,pullback,2018-06-25,2018-10-11,18.3676,24.0302,35,76,142.71,22.1,2.775,SMA50 이탈,40.4
EVH,pullback,2018-10-10,2018-10-11,27.03,25.16,40,1,-84.19,-7.75,-1.282,갭하락 손절,76.1
MTRX,pullback,2018-10-10,2018-10-11,24.44,22.85,42,1,-75.72,-7.34,-1.509,갭하락 손절,60.9
CGC,pullback,2018-10-15,2018-10-19,503.2,462.944,1,4,-44.6,-8.82,-1.108,손절,102.6
PRKS,pullback,2018-10-15,2018-10-19,29.19,29.03,36,4,-15.19,-1.44,-0.322,SMA50 이탈,84.6
SHOE,pullback,2018-10-15,2018-10-19,16.9736,16.4354,47,4,-32.36,-4.04,-0.509,SMA50 이탈,58.4
UVE,pullback,2018-10-19,2018-10-24,33.797,32.3813,30,3,-51.41,-5.05,-0.954,SMA50 이탈,44.7
MERC,pullback,2018-10-19,2018-10-24,13.8685,13.3381,62,3,-40.48,-4.69,-0.588,SMA50 이탈,30.1
RAMP,pullback,2018-10-23,2018-10-24,46.26,45.33,22,1,-29.53,-2.89,-0.445,SMA50 이탈,85.1
TCMD,pullback,2018-10-24,2018-10-25,65.89,63.29,12,1,-38.18,-4.81,-0.604,SMA50 이탈,93.4
HELE,pullback,2018-10-25,2018-10-26,124.7,123.17,6,1,-15.87,-2.11,-0.268,SMA50 이탈,40.7
ADUS,pullback,2018-10-26,2018-10-29,65.54,63.16,12,1,-35.51,-4.49,-0.564,SMA50 이탈,27.4
HCC,pullback,2018-10-29,2018-11-01,21.3724,19.6626,39,3,-73.88,-8.82,-1.108,손절,20.0
FRPT,pullback,2018-10-09,2018-11-02,35.33,36.05,31,18,77.12,7.01,1.04,SMA50 이탈,95.2
BAND,pullback,2018-11-01,2018-11-05,54.06,49.85,15,2,-70.16,-8.61,-1.082,SMA50 이탈,51.9
AMC,pullback,2018-10-31,2018-11-06,178.6877,167.9299,4,4,-49.27,-6.86,-0.862,SMA50 이탈,28.8
PLAY,pullback,2018-11-05,2018-11-06,59.6546,59.1243,12,1,-12.78,-1.78,-0.223,SMA50 이탈,45.6
IRDM,pullback,2018-11-02,2018-11-12,19.3579,18.8522,31,6,-21.01,-3.49,-0.438,SMA50 이탈,76.9
MDB,pullback,2018-11-16,2018-11-19,78.74,72.4408,7,1,-48.86,-8.82,-1.108,손절,82.7
EEFT,pullback,2018-11-01,2018-11-20,111.31,108.38,6,13,-23.51,-3.5,-0.546,SMA50 이탈,41.3
CWST,pullback,2018-11-07,2018-11-20,31.11,30.32,16,9,-17.06,-3.41,-0.428,SMA50 이탈,26.2
SHOE,pullback,2018-11-19,2018-11-20,17.4506,15.6128,31,1,-61.59,-11.33,-1.423,갭하락 손절,53.8
CWST,pullback,2018-11-20,2018-11-21,31.39,30.68,23,1,-22.75,-3.14,-0.394,SMA50 이탈,31.4
GTN,pullback,2018-11-23,2018-12-04,13.862,13.6823,52,7,-15.79,-2.18,-0.468,SMA50 이탈,56.8
NEO,pullback,2018-10-24,2018-12-06,14.82,14.78,56,29,57.51,6.9,0.866,SMA50 이탈,49.0
VCYT,pullback,2018-12-04,2018-12-06,13.18,11.86,53,1,-75.93,-10.82,-1.359,갭하락 손절,72.4
CALX,pullback,2018-12-07,2018-12-10,9.79,9.3654,2,1,-1.02,-5.19,-1.203,손절,24.3
DIN,pullback,2018-12-07,2018-12-11,66.1918,62.5794,3,2,-12.58,-6.3,-1.16,손절,41.1
LLY,pullback,2018-11-06,2018-12-17,98.1953,98.1102,9,27,-8.72,-0.98,-0.183,SMA50 이탈,41.4
SWX,pullback,2018-12-06,2018-12-18,62.722,62.234,13,8,-13.65,-1.67,-0.24,SMA50 이탈,11.3
KTOS,pullback,2018-12-11,2018-12-19,14.77,13.5884,12,6,-15.71,-8.82,-1.108,손절,24.2
DECK,pullback,2018-12-20,2018-12-21,20.4317,20.48,40,1,-5.43,-0.66,-0.14,SMA50 이탈,0.9
FN,pullback,2018-12-19,2018-12-24,51.12,47.0304,13,3,-58.91,-8.82,-1.108,손절,41.0
ADC,pullback,2018-12-24,2019-01-02,42.8568,42.1759,18,5,-19.14,-2.47,-0.696,SMA50 이탈,12.4
TWLO,pullback,2019-01-02,2019-01-03,87.45,80.454,7,1,-54.26,-8.82,-1.108,손절,59.4
EVTC,pullback,2018-12-10,2019-01-14,25.8274,26.1433,1,23,0.08,0.32,0.053,SMA50 이탈,21.8
TSLA,pullback,2019-01-14,2019-01-18,22.8253,20.9993,23,4,-46.53,-8.82,-1.108,손절,9.6
LRN,pullback,2018-11-21,2019-01-23,22.84,21.7998,38,40,11.86,1.36,0.3,손절,44.8
VCEL,pullback,2018-12-27,2019-01-28,16.38,16.23,21,20,-6.23,-1.8,-0.226,SMA50 이탈,59.0
BCRX,pullback,2019-01-03,2019-02-01,8.51,8.61,77,20,49.49,7.52,0.944,SMA50 이탈,49.9
VCEL,pullback,2019-02-01,2019-02-05,17.21,17.03,19,2,-6.35,-1.93,-0.263,SMA50 이탈,64.6
LAB,pullback,2019-01-28,2019-02-06,8.96,8.3556,82,7,-55.95,-7.58,-1.129,손절,34.7
CRBP,pullback,2019-02-06,2019-02-07,237.6,218.592,3,1,-63.18,-8.82,-1.108,손절,68.9
WING,pullback,2019-02-05,2019-02-27,61.0291,59.0768,8,15,-19.94,-4.07,-0.581,SMA50 이탈,42.2
CRBP,pullback,2019-02-11,2019-02-28,231.6,213.072,3,12,49.08,7.03,0.883,손절,65.2
SBH,pullback,2019-02-28,2019-03-04,18.01,17.62,48,2,-26.42,-3.04,-1.026,SMA50 이탈,18.0
VCEL,pullback,2019-03-04,2019-03-22,19.32,18.18,38,14,-49.73,-6.74,-0.847,SMA50 이탈,59.6
AU,pullback,2019-03-22,2019-03-28,11.9117,10.9588,67,4,-70.74,-8.82,-1.108,손절,66.3
EHTH,pullback,2018-12-21,2019-04-17,36.72,54.41,18,79,205.18,30.9,3.88,SMA50 이탈,58.0
IPAR,pullback,2019-01-18,2019-04-18,52.9641,64.1948,16,62,131.51,15.45,2.634,SMA50 이탈,11.6
TTD,pullback,2019-04-17,2019-05-09,20.47,18.9298,40,15,-68.7,-8.35,-1.115,손절,65.2
MDB,pullback,2019-01-23,2019-05-13,82.0,127.84,5,76,159.33,38.69,4.858,SMA50 이탈,40.7
ADEA,pullback,2019-03-28,2019-05-13,7.9202,7.6198,117,31,8.71,0.94,0.248,손절,65.3
TWLO,pullback,2019-04-23,2019-05-13,129.16,123.39,6,14,-41.44,-5.32,-0.668,SMA50 이탈,72.9
MGNI,pullback,2019-05-10,2019-05-13,6.8,6.256,113,1,-68.11,-8.82,-1.108,손절,113.2
TWLO,pullback,2019-05-13,2019-05-14,130.9,125.4825,6,1,-39.43,-5.0,-1.213,손절,89.1
VCYT,pullback,2019-05-13,2019-05-14,23.02,21.56,37,1,-61.44,-7.18,-1.481,갭하락 손절,70.3
COLD,pullback,2019-05-13,2019-05-20,23.6086,23.7631,1,5,-0.06,-0.25,-0.122,SMA50 이탈,26.5
LOVE,pullback,2019-05-20,2019-05-21,37.49,36.3528,12,1,-17.63,-3.9,-1.292,손절,99.2
TCRT,pullback,2019-05-13,2019-05-23,654.0,634.5,1,8,-25.3,-3.85,-0.484,SMA50 이탈,97.8
LNTH,pullback,2019-05-23,2019-05-24,24.46,24.73,26,1,1.26,0.2,0.046,SMA50 이탈,52.4
IIPR,pullback,2019-05-15,2019-05-29,48.2312,48.1311,17,9,28.58,3.47,0.727,SMA50 이탈,83.5
SNPS,pullback,2019-05-24,2019-05-29,117.36,116.22,5,2,-10.96,-1.86,-0.481,SMA50 이탈,36.5
KRNT,pullback,2019-05-14,2019-06-03,27.0,26.33,25,13,-22.75,-3.36,-0.421,SMA50 이탈,22.6
RPD,pullback,2019-05-29,2019-06-03,52.11,49.6386,7,3,-20.5,-5.6,-1.185,손절,93.7
TWLO,pullback,2019-06-03,2019-06-04,132.77,128.39,5,1,-27.78,-4.17,-0.523,SMA50 이탈,52.6
PLNT,pullback,2019-02-28,2019-06-21,58.28,76.01,13,79,148.18,19.47,4.33,SMA50 이탈,15.2
TNDM,pullback,2019-06-21,2019-06-24,67.24,64.04,10,1,-37.91,-5.61,-0.705,SMA50 이탈,98.6
NEO,pullback,2019-06-03,2019-06-26,21.79,21.16,16,17,13.13,3.75,0.614,SMA50 이탈,33.4
JKS,pullback,2019-05-29,2019-07-11,14.6327,15.3467,46,30,63.9,9.45,1.187,SMA50 이탈,112.2
TSN,pullback,2019-06-24,2019-07-16,64.2275,64.009,13,15,-10.34,-1.23,-0.22,SMA50 이탈,52.2
LNTH,pullback,2019-07-16,2019-07-25,28.09,24.57,31,7,-116.47,-13.31,-2.803,갭하락 손절,72.7
VCYT,pullback,2019-07-11,2019-08-01,28.6,27.0,23,15,-42.55,-6.44,-0.809,SMA50 이탈,95.9
UPBD,pullback,2019-06-04,2019-08-05,17.0062,17.6651,44,43,64.09,8.53,1.131,SMA50 이탈,64.9
TVRD,pullback,2019-08-01,2019-08-05,836.64,790.8516,1,2,-53.11,-6.32,-1.16,손절,57.9
TNDM,pullback,2019-08-05,2019-08-06,62.99,62.49,12,1,-12.78,-1.68,-0.24,SMA50 이탈,53.6
KRNT,pullback,2019-06-27,2019-08-07,28.47,26.8488,21,28,9.14,1.52,0.269,손절,66.6
GSHD,pullback,2019-08-06,2019-08-07,40.8608,40.1589,16,1,-17.06,-2.6,-0.326,SMA50 이탈,57.6
EHTH,pullback,2019-05-22,2019-08-27,64.59,92.75,7,67,121.18,26.68,3.35,SMA50 이탈,91.6
CYRX,pullback,2019-07-25,2019-09-04,19.74,20.43,42,28,44.61,5.36,1.18,SMA50 이탈,117.8
AGI,pullback,2019-09-04,2019-09-05,6.7505,6.4771,123,1,-40.95,-4.91,-1.218,손절,49.6
SLP,pullback,2019-08-07,2019-09-06,36.011,33.8887,18,21,-43.86,-6.74,-0.846,SMA50 이탈,94.8
PI,pullback,2019-09-06,2019-09-09,36.42,34.2837,20,1,-49.09,-6.71,-1.149,손절,118.5
PAGS,pullback,2019-08-07,2019-09-10,41.7453,41.5748,19,23,37.94,4.76,0.853,SMA50 이탈,92.8
SHOP,pullback,2019-08-07,2019-09-10,33.008,33.724,2,23,4.66,7.03,1.021,SMA50 이탈,91.7
ELF,pullback,2019-09-05,2019-09-10,17.21,15.8332,40,3,-61.02,-8.82,-1.108,손절,113.8
ZLAB,pullback,2019-09-10,2019-09-12,35.3,33.8,18,2,-32.6,-5.11,-0.641,SMA50 이탈,26.4
ANIK,pullback,2019-09-11,2019-09-23,55.71,51.86,2,8,-8.67,-7.74,-1.16,갭하락 손절,81.9
APPS,pullback,2019-09-23,2019-09-25,6.99,6.4308,68,2,-42.13,-8.82,-1.108,손절,93.1
EGO,pullback,2019-09-25,2019-09-26,8.8704,8.1544,49,1,-38.84,-8.9,-1.117,갭하락 손절,77.9
TTWO,pullback,2019-09-26,2019-09-27,127.15,123.97,3,1,-12.93,-3.37,-0.935,SMA50 이탈,34.7
PAGS,pullback,2019-09-27,2019-09-30,45.4223,43.8871,8,1,-15.5,-4.25,-0.543,SMA50 이탈,58.4
UFPI,pullback,2019-09-10,2019-10-01,35.5899,36.0502,22,15,25.55,3.25,0.923,SMA50 이탈,28.5
EVER,pullback,2019-09-12,2019-10-01,22.05,20.286,30,13,-58.64,-8.82,-1.108,손절,195.0
HAS,pullback,2019-09-10,2019-10-02,88.2407,88.6868,7,16,-2.45,-0.39,-0.05,SMA50 이탈,32.4
AMBA,pullback,2019-10-01,2019-10-02,63.53,57.98,11,1,-67.06,-9.55,-2.322,갭하락 손절,43.9
CDLX,pullback,2019-10-03,2019-10-04,347.7,334.4,1,1,-16.37,-4.69,-0.588,SMA50 이탈,107.7
SAH,pullback,2019-08-27,2019-10-07,23.7883,24.9216,34,28,67.41,8.3,1.209,SMA50 이탈,81.7
ZUMZ,pullback,2019-10-01,2019-10-08,31.8,29.601,10,5,-24.75,-7.75,-1.126,손절,24.9
RGLD,pullback,2019-10-03,2019-10-11,117.0128,114.6784,6,6,-20.26,-2.87,-0.548,SMA50 이탈,38.5
SEDG,pullback,2019-10-07,2019-11-01,86.09,83.19,7,19,-25.63,-4.23,-0.532,SMA50 이탈,110.0
AQN,pullback,2019-11-01,2019-11-05,9.8165,9.5876,77,2,-24.35,-3.21,-0.861,SMA50 이탈,23.9
STNG,pullback,2019-09-30,2019-11-07,25.1646,25.4626,14,28,26.96,7.62,0.957,SMA50 이탈,49.8
CVCO,pullback,2019-11-07,2019-11-08,198.94,191.12,3,1,-28.73,-4.79,-0.746,SMA50 이탈,61.6
SAIA,pullback,2019-11-05,2019-11-21,96.32,95.68,6,12,-9.02,-1.55,-0.195,SMA50 이탈,42.1
AMKR,pullback,2019-11-21,2019-11-22,12.2506,11.4531,63,1,-56.96,-7.35,-1.196,갭하락 손절,101.1
NTRA,pullback,2019-10-04,2019-11-29,33.76,36.49,15,39,55.17,10.84,1.439,SMA50 이탈,61.7
UCTT,pullback,2019-11-26,2020-01-06,21.46,21.82,35,26,39.66,5.26,1.007,SMA50 이탈,70.6
KRYS,pullback,2020-01-06,2020-01-07,58.81,54.1052,11,1,-57.34,-8.82,-1.108,손절,33.4
ARDX,pullback,2020-01-07,2020-01-13,7.51,6.9092,90,4,-59.91,-8.82,-1.108,손절,192.2
CALY,pullback,2019-11-08,2020-01-27,20.3558,20.9848,35,52,15.51,2.17,0.409,SMA50 이탈,26.9
TSEM,pullback,2019-11-29,2020-01-27,22.47,23.47,11,38,14.9,6.0,1.332,SMA50 이탈,52.1
SVM,pullback,2020-01-13,2020-01-28,5.2462,5.0445,159,10,-39.45,-4.71,-0.984,SMA50 이탈,120.2
ZYME,pullback,2019-10-08,2020-01-31,26.39,43.64,12,79,125.4,39.42,4.95,SMA50 이탈,67.1
FORM,pullback,2020-01-29,2020-01-31,26.88,25.6608,32,2,-46.58,-5.39,-1.194,손절,62.4
UCTT,pullback,2020-01-29,2020-01-31,24.26,22.8492,15,2,-24.34,-6.66,-1.15,손절,61.4
SBSW,pullback,2020-01-31,2020-02-06,8.1373,7.4863,85,4,-61.31,-8.82,-1.108,손절,116.6
AUPH,pullback,2020-02-06,2020-02-14,19.74,18.71,32,6,-38.5,-6.07,-0.762,SMA50 이탈,227.6
VC,pullback,2020-02-14,2020-02-18,86.3735,79.4636,7,1,-53.59,-8.82,-1.108,손절,43.7
PAR,pullback,2020-02-18,2020-02-19,31.69,30.92,18,1,-18.93,-3.3,-0.47,SMA50 이탈,42.6
AXSM,pullback,2020-02-11,2020-02-24,92.96,88.51,4,8,-21.07,-5.64,-0.708,SMA50 이탈,262.7
AMD,pullback,2020-01-31,2020-02-25,48.4,47.57,15,16,31.66,4.34,0.764,SMA50 이탈,60.2
INSG,pullback,2020-02-19,2020-02-25,86.8,79.856,6,4,-46.16,-8.82,-1.108,손절,112.1
PENN,pullback,2020-01-27,2020-02-27,25.25,28.65,33,22,74.17,8.86,2.967,SMA50 이탈,37.6
CDLX,pullback,2019-10-11,2020-02-28,352.7,793.9,1,95,436.04,123.08,15.454,SMA50 이탈,121.5
GDS,pullback,2020-02-26,2020-02-28,59.54,54.7768,10,2,-52.78,-8.82,-1.108,손절,46.7
ATRC,pullback,2020-02-27,2020-02-28,39.18,37.4418,19,1,-39.58,-5.29,-1.198,손절,49.3
UIS,pullback,2020-03-02,2020-03-04,15.61,14.3612,38,2,-52.58,-8.82,-1.108,손절,126.1
COLL,pullback,2020-03-02,2020-03-04,23.9,21.988,25,2,-52.96,-8.82,-1.108,손절,107.2
CLW,pullback,2020-02-28,2020-03-06,28.22,25.9624,21,5,-52.53,-8.82,-1.108,손절,85.1
ZLAB,pullback,2020-03-04,2020-03-06,58.8,54.096,9,2,-46.91,-8.82,-1.108,손절,78.1
NVDA,pullback,2020-03-02,2020-03-09,6.8874,5.9671,87,5,-85.1,-14.14,-1.775,갭하락 손절,67.7
PETS,pullback,2020-03-04,2020-03-09,22.9777,21.18,24,3,-47.91,-8.65,-1.113,갭하락 손절,75.9
ASMB,pullback,2020-03-06,2020-03-09,240.0,220.8,2,1,-42.55,-8.82,-1.108,손절,89.6
DXCM,pullback,2020-03-06,2020-03-09,71.41,65.445,7,1,-46.07,-9.17,-1.217,갭하락 손절,69.2
RDNT,pullback,2020-03-06,2020-03-09,21.82,18.39,2,1,-7.22,-16.47,-2.069,갭하락 손절,57.4
PETS,pullback,2020-03-10,2020-03-11,23.2704,21.4088,21,1,-43.32,-8.82,-1.108,손절,75.0
DXCM,pullback,2020-03-11,2020-03-12,67.8275,54.6275,8,1,-110.01,-20.18,-3.954,갭하락 손절,92.0
VNET,pullback,2020-03-11,2020-03-12,15.04,13.8368,31,1,-41.33,-8.82,-1.108,손절,84.7
BILI,pullback,2020-03-11,2020-03-12,25.45,23.463,19,1,-41.94,-8.63,-1.111,손절,81.3
GDS,pullback,2020-03-11,2020-03-12,57.98,53.95,7,1,-31.74,-7.78,-1.176,갭하락 손절,44.5
RPAY,pullback,2020-03-11,2020-03-12,17.8,16.47,1,1,-1.48,-8.3,-1.26,갭하락 손절,37.0
ZEPP,pullback,2020-03-12,2020-03-16,51.8039,45.8459,8,2,-51.18,-12.29,-1.544,갭하락 손절,21.6
CCI,pullback,2020-03-16,2020-03-17,105.1461,111.1553,3,1,15.11,4.77,0.879,SMA50 이탈,13.6
RGEN,pullback,2020-03-16,2020-03-18,91.54,96.36,4,2,15.9,4.32,0.543,SMA50 이탈,24.9
AMN,pullback,2020-03-16,2020-03-19,68.46,68.13,6,3,28.03,6.79,0.853,SMA50 이탈,33.2
RGEN,pullback,2020-03-18,2020-03-19,92.51,87.09,4,1,-24.91,-6.7,-0.842,SMA50 이탈,22.7
WEC,pullback,2020-03-18,2020-03-19,79.5577,73.193,5,1,-35.26,-8.82,-1.108,손절,13.7
COST,pullback,2020-03-19,2020-03-20,283.144,264.9099,1,1,-20.7,-7.28,-0.914,SMA50 이탈,6.0
ZTO,pullback,2020-03-18,2020-03-23,22.13,20.8584,20,3,-29.3,-6.59,-0.828,SMA50 이탈,24.3
DPZ,pullback,2020-03-20,2020-03-23,301.5995,277.4716,1,1,-26.73,-8.82,-1.108,손절,32.5
KR,pullback,2020-03-16,2020-03-25,25.5184,24.333,19,7,8.62,1.77,0.383,손절,21.4
DPZ,pullback,2020-03-25,2020-03-26,318.7317,293.2332,1,1,-28.25,-8.82,-1.108,손절,40.1
JD,pullback,2020-03-25,2020-03-27,36.2296,35.1782,10,2,-13.73,-3.77,-0.474,SMA50 이탈,35.2
TAL,pullback,2020-03-26,2020-03-27,55.0,53.44,7,1,-14.34,-3.71,-0.465,SMA50 이탈,58.8
GDS,pullback,2020-03-26,2020-03-27,54.51,55.75,7,1,5.21,1.36,0.171,SMA50 이탈,34.2
BIIB,pullback,2020-03-27,2020-04-01,297.0,293.27,1,3,-6.39,-2.14,-0.269,SMA50 이탈,29.3
VRTX,pullback,2020-03-31,2020-04-01,228.95,225.48,1,1,-5.51,-2.4,-0.301,SMA50 이탈,39.1
GEN,pullback,2020-03-30,2020-04-03,16.7732,15.945,23,4,-22.43,-5.79,-0.727,SMA50 이탈,39.6
GDS,pullback,2020-03-31,2020-04-03,58.4,53.728,6,3,-31.06,-8.82,-1.108,손절,48.2
GILD,pullback,2020-04-06,2020-04-07,62.6618,57.6488,5,1,-27.77,-8.82,-1.108,손절,28.0
CPB,pullback,2020-04-06,2020-04-07,38.9863,36.6791,9,1,-23.83,-6.76,-0.849,SMA50 이탈,7.5
JD,pullback,2020-04-07,2020-05-01,37.4124,36.2559,9,17,-13.39,-3.96,-0.497,SMA50 이탈,43.4
HRL,pullback,2020-04-15,2020-05-21,40.2021,37.8261,1,26,-2.73,-6.75,-0.848,SMA50 이탈,19.7
KR,pullback,2020-04-06,2020-05-26,28.1024,27.4219,13,34,-12.09,-3.3,-0.414,SMA50 이탈,32.8
CHWY,pullback,2020-05-26,2020-05-27,43.6,40.112,8,1,-30.92,-8.82,-1.108,손절,84.3
CTSO,pullback,2020-05-27,2020-05-28,10.65,9.67,30,1,-32.14,-10.02,-1.374,갭하락 손절,152.9
PETS,pullback,2020-05-28,2020-05-29,31.8629,29.3138,11,1,-31.07,-8.82,-1.108,손절,66.6
NFLX,pullback,2020-05-01,2020-06-12,41.51,41.807,10,29,-0.78,-0.19,-0.031,SMA50 이탈,49.3
DNLI,pullback,2020-05-21,2020-06-19,24.34,23.61,13,20,15.33,4.82,0.605,SMA50 이탈,60.1
IRTC,pullback,2020-06-19,2020-06-24,122.31,114.86,3,3,-25.55,-6.93,-0.87,SMA50 이탈,94.0
ZTO,pullback,2020-03-31,2020-07-23,22.9425,31.183,11,79,60.67,23.93,3.005,SMA50 이탈,25.3
ZM,pullback,2020-05-29,2020-08-11,168.0,231.04,2,51,86.49,25.63,3.218,SMA50 이탈,119.4
CLW,pullback,2020-08-11,2020-08-18,39.15,36.22,11,5,-35.96,-8.31,-1.044,SMA50 이탈,36.7
QDEL,pullback,2020-06-15,2020-08-24,179.53,228.21,2,49,73.82,20.47,2.57,SMA50 이탈,139.8
HAIN,pullback,2020-04-15,2020-08-25,25.48,31.65,16,92,61.83,15.1,3.763,SMA50 이탈,24.4
EQT,pullback,2020-08-25,2020-08-26,15.28,14.4727,33,1,-31.06,-6.13,-1.166,손절,217.4
RRC,pullback,2020-08-26,2020-08-27,7.8689,7.4102,60,1,-31.65,-6.67,-1.15,손절,196.1
TBCH,pullback,2020-08-18,2020-09-03,18.56,17.7,23,12,-23.53,-5.49,-0.689,SMA50 이탈,161.6
ANGI,pullback,2020-09-03,2020-09-04,145.5,133.5,3,1,-39.77,-9.07,-1.139,갭하락 손절,129.3
CALX,pullback,2020-06-24,2020-09-08,13.93,18.13,28,52,86.09,21.97,2.759,SMA50 이탈,76.6
DOCU,pullback,2020-08-27,2020-09-08,214.15,205.63,2,7,21.77,5.06,0.635,SMA50 이탈,157.7
CWH,pullback,2020-09-09,2020-09-15,25.3663,24.8726,4,4,-2.88,-2.82,-0.355,SMA50 이탈,275.1
PLMR,pullback,2020-07-23,2020-09-21,86.1899,98.3675,5,41,59.95,13.85,1.739,SMA50 이탈,69.4
GFI,pullback,2020-09-04,2020-09-21,10.2075,10.2122,49,10,19.67,3.91,0.797,SMA50 이탈,85.5
AAMI,pullback,2020-09-21,2020-09-22,12.9316,12.8723,29,1,-5.09,-1.35,-0.446,SMA50 이탈,196.8
TGTX,pullback,2020-09-15,2020-09-24,26.33,24.2236,14,7,-32.67,-8.82,-1.108,손절,260.2
PTGX,pullback,2020-09-21,2020-09-24,21.48,19.7616,20,3,-38.08,-8.82,-1.108,손절,289.4
W,pullback,2020-09-22,2020-09-24,304.5,279.91,1,2,-27.22,-8.9,-1.117,갭하락 손절,893.4
FSLY,pullback,2020-09-28,2020-10-15,92.31,89.7,2,13,10.44,5.63,0.707,SMA50 이탈,402.3
CVNA,pullback,2020-10-16,2020-10-20,44.798,41.2142,4,2,-15.88,-8.82,-1.108,손절,187.5
IMUX,pullback,2020-10-20,2020-10-21,196.5,180.78,1,1,-17.42,-8.82,-1.108,손절,129.0
CMG,pullback,2020-09-24,2020-10-28,24.7898,25.0708,19,24,1.08,0.23,0.04,SMA50 이탈,92.2
MITK,pullback,2020-09-24,2020-10-30,12.75,12.45,31,26,-12.82,-3.23,-0.405,SMA50 이탈,70.2
TBCH,pullback,2020-10-21,2020-10-30,18.77,18.02,9,7,-8.24,-4.86,-0.728,SMA50 이탈,120.5
GPRE,pullback,2020-10-30,2020-11-03,15.44,14.93,14,2,-9.05,-4.17,-0.662,SMA50 이탈,173.3
ACH,pullback,2020-11-03,2020-11-04,26.3891,24.278,16,1,-37.43,-8.82,-1.108,손절,249.1
ONC,pullback,2020-09-08,2020-11-09,236.37,280.0,2,44,68.72,14.47,2.316,SMA50 이탈,56.9
GRVY,pullback,2020-10-28,2020-11-10,126.0,121.0,3,9,-18.33,-4.83,-0.606,SMA50 이탈,226.9
CRWD,pullback,2020-11-09,2020-11-10,34.0625,31.3375,15,1,-45.29,-8.82,-1.108,손절,86.0
GPRE,pullback,2020-11-10,2020-11-19,16.44,15.1248,29,7,-42.26,-8.82,-1.108,손절,149.7
SOHU,pullback,2020-11-19,2020-11-23,19.42,18.88,23,2,-16.38,-3.65,-0.535,SMA50 이탈,151.9
HOV,pullback,2020-10-30,2020-12-09,33.05,36.15,13,27,49.32,11.43,1.435,SMA50 이탈,185.0
GPI,pullback,2020-11-10,2020-12-14,113.5079,114.7701,3,23,0.7,0.21,0.026,SMA50 이탈,147.0
NIO,pullback,2020-08-24,2021-02-16,14.63,59.23,30,120,696.99,158.09,19.851,120일 만료,263.9
ENPH,pullback,2020-12-09,2021-02-18,136.36,180.84,3,47,84.04,20.45,2.568,SMA50 이탈,173.0
PLUG,pullback,2020-11-04,2021-02-22,16.33,48.6,24,73,413.18,104.95,13.178,SMA50 이탈,306.5
FNKO,pullback,2021-02-18,2021-02-23,13.21,12.2067,58,3,-64.83,-8.42,-1.114,손절,123.0
UMC,pullback,2021-02-22,2021-02-23,7.558,6.9533,96,1,-64.31,-8.82,-1.108,손절,168.9
ETSY,pullback,2020-11-23,2021-02-25,141.0,197.58,3,63,97.44,22.93,2.879,SMA50 이탈,89.1
HY,pullback,2021-02-23,2021-02-25,79.6017,76.4121,7,2,-27.24,-4.87,-1.22,손절,129.9
BKE,pullback,2021-02-23,2021-02-26,22.529,21.5125,37,3,-44.94,-5.37,-1.195,손절,160.8
OPRX,pullback,2021-02-25,2021-02-26,61.5,56.04,11,1,-65.88,-9.69,-1.217,갭하락 손절,205.4
JOE,pullback,2021-02-26,2021-03-01,50.5736,47.6452,16,1,-53.93,-6.63,-1.151,손절,136.0
VCEL,pullback,2021-02-25,2021-03-03,48.83,44.9236,10,4,-43.28,-8.82,-1.108,손절,204.3
INGN,pullback,2021-02-26,2021-03-03,52.91,49.003,11,3,-48.02,-8.21,-1.117,손절,76.8
TDAY,pullback,2021-03-03,2021-03-04,5.39,4.9588,124,1,-59.24,-8.82,-1.108,손절,192.0
ARAY,pullback,2021-03-03,2021-03-04,5.65,5.198,57,1,-28.55,-8.82,-1.108,손절,135.7
APPS,pullback,2020-12-14,2021-03-08,45.07,61.92,11,56,122.48,24.59,3.088,SMA50 이탈,340.3
TROX,pullback,2021-03-04,2021-03-09,14.7766,14.1252,20,3,-15.63,-5.26,-1.2,손절,108.0
HY,pullback,2021-03-04,2021-03-19,75.3107,73.6202,8,11,-18.89,-3.12,-0.392,SMA50 이탈,125.7
FCX,pullback,2021-03-08,2021-03-23,32.2741,29.923,9,11,-23.68,-8.12,-1.019,SMA50 이탈,115.2
CX,pullback,2021-03-09,2021-03-23,6.8309,6.2844,44,10,-26.64,-8.82,-1.108,손절,120.7
AR,pullback,2021-03-23,2021-03-25,9.65,8.8,74,2,-69.04,-9.63,-1.433,갭하락 손절,222.2
ESTA,pullback,2021-03-25,2021-03-26,65.0,58.99,9,1,-59.11,-10.06,-1.263,갭하락 손절,267.3
AR,pullback,2021-03-26,2021-04-09,10.1,9.292,58,9,-51.93,-8.82,-1.108,손절,233.9
LOB,pullback,2021-02-16,2021-05-10,46.0223,63.4222,16,58,190.59,25.77,3.235,SMA50 이탈,140.7
ICHR,pullback,2021-03-23,2021-05-10,47.97,50.98,3,33,16.98,11.75,1.475,SMA50 이탈,125.4
SM,pullback,2021-05-10,2021-05-11,16.2765,14.5684,38,1,-70.18,-11.3,-1.418,갭하락 손절,883.5
SKT,pullback,2021-05-10,2021-05-11,14.2694,13.2088,46,1,-54.47,-8.26,-1.117,손절,183.0
ANGO,pullback,2021-03-01,2021-05-12,20.64,22.39,37,51,65.2,8.5,1.62,SMA50 이탈,131.2
CRTO,pullback,2021-03-22,2021-05-12,32.76,35.19,20,36,67.79,10.3,1.363,SMA50 이탈,157.2
CTRN,pullback,2021-04-09,2021-05-12,90.23,90.21,6,23,38.18,7.02,0.882,SMA50 이탈,224.4
TTEC,pullback,2021-05-12,2021-05-18,97.3694,94.0684,6,4,-24.97,-4.26,-0.592,SMA50 이탈,80.5
WT,pullback,2021-05-17,2021-06-15,6.1065,5.7162,1,20,-0.44,-7.23,-1.136,손절,77.7
UNFI,pullback,2021-06-15,2021-06-18,37.02,35.26,19,3,-39.62,-5.61,-0.704,SMA50 이탈,116.8
VTGN,pullback,2021-06-18,2021-06-21,87.3,80.316,7,1,-54.17,-8.82,-1.108,손절,269.2
VTGN,pullback,2021-06-21,2021-06-22,86.4,79.488,8,1,-61.27,-8.82,-1.108,손절,248.2
VSTM,pullback,2021-05-11,2021-07-07,34.32,44.16,20,39,136.46,19.79,3.041,SMA50 이탈,130.5
SM,pullback,2021-06-22,2021-07-14,20.3344,19.0691,32,15,25.81,3.95,0.496,SMA50 이탈,279.6
DVN,pullback,2021-07-14,2021-07-15,22.711,20.8941,28,1,-56.37,-8.82,-1.108,손절,61.9
GNK,pullback,2021-07-07,2021-07-16,11.9498,11.1875,65,7,-56.32,-7.22,-1.137,손절,139.6
EXTR,pullback,2021-07-15,2021-07-16,11.1,10.53,63,1,-42.04,-5.99,-1.12,SMA50 이탈,42.8
CHRD,pullback,2021-05-18,2021-07-19,45.9085,52.7373,15,42,81.86,11.83,2.148,SMA50 이탈,62346.9
LAND,pullback,2021-07-16,2021-07-19,19.6243,19.1371,36,1,-23.82,-3.36,-0.562,SMA50 이탈,66.4
NBP,pullback,2021-07-19,2021-07-23,75.07,73.24,9,4,-22.48,-3.31,-0.494,SMA50 이탈,55.6
BAK,pullback,2021-05-12,2021-07-30,16.7041,18.7308,33,55,71.91,12.99,1.631,SMA50 이탈,118.5
GNK,pullback,2021-07-23,2021-07-30,11.7334,11.5104,51,5,-16.71,-2.78,-0.349,SMA50 이탈,103.5
BCRX,pullback,2021-05-13,2021-08-02,12.51,16.1,36,55,96.14,21.25,2.668,SMA50 이탈,221.9
XPEL,pullback,2021-07-30,2021-08-03,92.0,84.64,6,2,-48.93,-8.82,-1.108,손절,92.3
ESTA,pullback,2021-08-02,2021-08-03,72.14,70.1712,9,1,-23.48,-3.6,-1.325,손절,56.7
DAC,pullback,2021-08-03,2021-08-04,56.9089,57.2836,10,1,-1.39,-0.24,-0.031,SMA50 이탈,149.4
XPEL,pullback,2021-08-03,2021-08-04,92.82,85.3944,6,1,-49.37,-8.82,-1.108,손절,88.8
GSM,pullback,2021-07-30,2021-08-05,5.5352,5.4191,112,4,-18.53,-2.98,-0.374,SMA50 이탈,209.6
SID,pullback,2021-08-05,2021-08-06,5.7953,5.5753,105,1,-28.48,-4.66,-1.233,손절,57.8
LEGN,pullback,2021-08-04,2021-08-11,44.57,41.0044,13,5,-51.36,-8.82,-1.108,손절,60.0
AMG,pullback,2021-08-06,2021-08-18,166.5365,161.9119,3,8,-18.31,-3.65,-0.458,SMA50 이탈,46.2
ANGO,pullback,2021-08-04,2021-09-10,27.08,27.1,19,26,-4.25,-0.82,-0.123,SMA50 이탈,41.5
BNTX,pullback,2021-07-16,2021-09-24,222.1378,329.1208,2,49,137.89,30.9,3.879,SMA50 이탈,115.5
BNTX,pullback,2021-09-24,2021-09-27,345.4248,317.7908,1,1,-30.62,-8.82,-1.108,손절,271.1
PVLA,pullback,2021-09-27,2021-09-29,450.4,420.552,1,2,-33.77,-7.46,-1.131,손절,116.2
DDS,pullback,2021-08-11,2021-09-30,143.2742,134.1617,4,35,22.34,3.88,0.487,SMA50 이탈,135.6
ATEN,pullback,2021-09-10,2021-10-04,12.7397,12.2648,59,16,13.57,1.8,0.403,SMA50 이탈,33.1
ACI,pullback,2021-09-30,2021-10-04,21.0538,19.3695,28,2,-52.25,-8.82,-1.108,손절,69.9
SPT,pullback,2021-10-04,2021-10-05,123.86,113.09,4,1,-47.35,-9.51,-1.266,갭하락 손절,119.4
PRTA,pullback,2021-10-05,2021-10-12,72.0,66.24,6,5,-38.29,-8.82,-1.108,손절,191.5
CLDX,pullback,2021-08-18,2021-10-13,45.6,47.75,11,39,49.77,9.88,1.24,SMA50 이탈,77.6
GDYN,pullback,2021-07-19,2021-10-25,19.26,25.85,31,69,127.24,21.21,3.823,SMA50 이탈,54.1
SLI,pullback,2021-10-12,2021-11-18,8.5,7.82,52,27,13.62,3.07,0.385,손절,195.2
STGW,pullback,2021-10-04,2021-11-19,7.8,8.22,76,34,57.65,9.68,1.219,SMA50 이탈,124.9
ASAN,pullback,2021-10-13,2021-11-22,111.43,106.09,2,28,10.43,4.66,0.585,SMA50 이탈,229.6
ORMP,pullback,2021-10-25,2021-11-22,21.0688,19.7137,35,20,18.99,2.56,0.4,손절,120.6
RGEN,pullback,2021-11-22,2021-11-23,284.37,261.6204,2,1,-50.41,-8.82,-1.108,손절,61.2
FSLR,pullback,2021-11-22,2021-11-24,113.23,104.1716,5,2,-50.18,-8.82,-1.108,손절,43.8
HRI,pullback,2021-11-19,2021-11-26,169.2049,165.8301,4,4,0.63,0.09,0.047,손절,81.2
CUBI,pullback,2021-11-23,2021-11-26,57.7,54.945,12,2,-39.14,-5.63,-1.184,손절,60.4
PR,pullback,2021-11-24,2021-11-26,6.1113,5.6224,94,1,-50.92,-8.82,-1.108,손절,45.1
SM,pullback,2021-11-26,2021-11-29,27.1849,26.6714,21,1,-15.87,-2.77,-1.472,손절,67.4
NET,pullback,2021-11-26,2021-11-30,198.64,182.7488,2,2,-35.21,-8.82,-1.108,손절,138.4
MDB,pullback,2021-11-29,2021-11-30,525.382,498.1,1,1,-31.89,-6.04,-0.759,SMA50 이탈,77.6
PACK,pullback,2021-11-30,2021-12-01,39.61,38.115,16,1,-29.52,-4.64,-1.234,손절,83.2
DAVA,pullback,2021-09-30,2021-12-02,134.75,146.52,4,44,61.51,11.36,1.426,SMA50 이탈,58.7
ZNTL,pullback,2021-12-01,2021-12-02,81.84,72.16,6,1,-62.24,-12.62,-1.584,갭하락 손절,52.8
TSLA,pullback,2021-11-18,2021-12-03,368.85,339.342,1,10,-32.69,-8.82,-1.108,손절,85.6
BCYC,pullback,2021-12-02,2021-12-03,55.81,52.71,9,1,-32.3,-6.4,-0.871,SMA50 이탈,96.0
ENTA,pullback,2021-11-26,2021-12-06,86.04,79.1568,6,6,-45.76,-8.82,-1.108,손절,75.5
SNOW,pullback,2021-12-03,2021-12-06,358.19,329.5348,1,1,-31.75,-8.82,-1.108,손절,48.5
TNDM,pullback,2021-12-06,2021-12-14,133.66,130.66,3,6,-12.57,-3.12,-0.392,SMA50 이탈,50.8
AMBA,pullback,2021-11-30,2021-12-16,181.45,179.63,1,12,-3.44,-1.89,-0.278,SMA50 이탈,79.8
EXPO,pullback,2021-12-03,2021-12-17,112.4901,109.795,4,10,-14.78,-3.27,-0.46,SMA50 이탈,35.2
ARCB,pullback,2021-12-16,2021-12-20,106.133,97.6424,1,2,-9.41,-8.82,-1.108,손절,93.5
BCYC,pullback,2021-12-20,2022-01-04,55.61,55.0,3,10,-3.32,-1.98,-0.249,SMA50 이탈,92.8
BJ,pullback,2021-12-06,2022-01-05,66.0,63.64,6,21,-17.66,-4.44,-0.873,SMA50 이탈,37.9
PIPR,pullback,2021-12-15,2022-01-05,37.5213,37.5213,11,14,-3.71,-0.9,-0.139,SMA50 이탈,36.6
GDYN,pullback,2022-01-04,2022-01-05,39.3,36.156,12,1,-41.8,-8.82,-1.108,손절,92.8
CARS,pullback,2022-01-05,2022-01-10,16.87,15.5204,27,3,-40.37,-8.82,-1.108,손절,30.8
PANW,pullback,2022-01-07,2022-01-10,87.81,82.0066,6,1,-39.41,-7.45,-1.132,손절,36.6
PIPR,pullback,2022-01-10,2022-01-12,38.8289,38.5096,13,2,-8.67,-1.71,-0.279,SMA50 이탈,41.3
ACLS,pullback,2021-12-02,2022-01-18,63.79,65.89,6,31,31.3,8.14,1.094,SMA50 이탈,58.4
PFE,pullback,2022-01-10,2022-01-18,43.1339,41.8951,12,5,-19.46,-3.74,-0.907,SMA50 이탈,42.7
BXC,pullback,2022-01-12,2022-01-18,85.25,78.43,5,3,-37.78,-8.82,-1.108,손절,115.8
PENG,pullback,2022-01-18,2022-01-19,32.5,30.61,13,1,-28.26,-6.66,-0.836,SMA50 이탈,37.6
LYV,pullback,2022-01-19,2022-01-20,114.89,112.44,4,1,-13.89,-3.01,-0.563,SMA50 이탈,49.6
CF,pullback,2022-01-19,2022-01-20,61.9557,58.1739,6,1,-25.93,-6.95,-0.902,SMA50 이탈,47.0
F,pullback,2021-12-17,2022-01-21,14.7627,15.2196,30,23,38.11,8.57,1.076,SMA50 이탈,40.9
IVT,pullback,2022-01-11,2022-01-21,23.2189,22.4676,12,7,-11.48,-4.1,-1.274,손절,110.8
RUSHA,pullback,2022-01-25,2022-01-26,22.7296,22.3479,1,1,-0.58,-2.56,-0.549,SMA50 이탈,20.5
COKE,pullback,2022-01-25,2022-01-27,57.2296,54.172,7,2,-24.91,-6.19,-0.837,SMA50 이탈,44.5
IVT,pullback,2022-01-26,2022-02-03,23.0384,22.3765,1,6,-0.87,-3.74,-0.592,SMA50 이탈,99.2
CRK,pullback,2022-02-03,2022-02-04,8.0862,7.6501,31,1,-15.71,-6.24,-0.784,SMA50 이탈,54.5
MGY,pullback,2022-01-25,2022-02-15,18.3581,18.2533,22,15,-5.93,-1.46,-0.186,SMA50 이탈,44.5
VECO,pullback,2022-02-16,2022-02-17,28.25,27.18,14,1,-18.47,-4.65,-0.584,SMA50 이탈,37.2
APA,pullback,2022-02-17,2022-02-22,27.9077,26.4557,18,2,-30.54,-6.05,-1.168,손절,96.4
LKFN,pullback,2022-02-04,2022-02-23,70.9032,69.0536,3,12,-7.44,-3.48,-0.602,SMA50 이탈,17.1
ENVA,pullback,2022-02-23,2022-02-24,42.57,38.66,11,1,-47.03,-10.0,-1.661,갭하락 손절,32.8
KFRC,pullback,2022-02-23,2022-03-01,63.3066,60.9849,5,4,-14.4,-4.53,-0.658,SMA50 이탈,24.3
IRTC,pullback,2022-02-25,2022-03-10,125.53,124.77,3,9,-5.66,-1.5,-0.188,SMA50 이탈,172.6
BXC,pullback,2022-03-10,2022-03-24,86.59,79.6628,5,10,-38.38,-8.82,-1.108,손절,63.7
SM,pullback,2022-03-01,2022-04-21,32.9979,34.3173,12,36,35.85,9.01,1.132,SMA50 이탈,86.6
DVN,pullback,2022-01-25,2022-04-22,38.874,47.799,10,61,71.88,18.41,2.311,SMA50 이탈,88.0
ARCO,pullback,2022-04-21,2022-04-22,7.1346,6.6472,79,1,-43.4,-7.67,-1.127,손절,71.2
PBR,pullback,2022-03-24,2022-04-26,5.0956,5.1626,92,22,36.19,7.68,0.965,SMA50 이탈,59.8
ABBV,pullback,2022-04-22,2022-04-29,135.0103,128.3833,4,5,-31.25,-5.76,-1.782,갭하락 손절,49.0
PANW,pullback,2022-04-26,2022-04-29,98.8333,93.8999,2,3,-11.6,-5.84,-1.176,손절,19.0
CF,pullback,2022-01-25,2022-05-02,61.5304,87.5942,6,67,103.92,28.02,3.519,SMA50 이탈,44.9
KOS,pullback,2022-04-29,2022-05-02,7.16,6.5872,47,1,-29.83,-8.82,-1.108,손절,107.6
PCRX,pullback,2022-04-22,2022-05-03,76.0,73.01,5,7,-18.3,-4.79,-0.652,SMA50 이탈,43.4
LNTH,pullback,2022-04-29,2022-05-06,68.65,63.158,6,5,-36.51,-8.82,-1.108,손절,162.3
VRTX,pullback,2022-05-02,2022-05-06,264.15,256.32,2,4,-3.49,-0.66,-0.383,갭하락 손절,50.1
GPRK,pullback,2022-05-02,2022-05-09,13.0222,12.056,3,5,-3.24,-8.25,-1.117,손절,7.7
AVD,pullback,2022-05-06,2022-05-09,22.3937,20.282,20,1,-46.07,-10.24,-1.286,갭하락 손절,40.8
CHRD,pullback,2022-05-06,2022-05-09,95.8798,89.4644,4,1,-29.0,-7.53,-0.945,SMA50 이탈,19.7
PBR,pullback,2022-05-09,2022-05-10,5.3573,5.2405,76,1,-12.5,-3.06,-0.384,SMA50 이탈,79.8
LMT,pullback,2022-05-09,2022-05-10,397.0143,389.9981,1,1,-10.56,-2.65,-0.473,SMA50 이탈,36.0
HESM,pullback,2022-05-09,2022-05-10,21.9109,20.6051,4,1,-5.99,-6.8,-0.854,SMA50 이탈,30.2
TSN,pullback,2022-05-10,2022-05-11,80.5134,77.7382,6,1,-20.92,-4.31,-0.699,SMA50 이탈,15.0
HPQ,pullback,2022-05-11,2022-05-12,31.2127,29.8775,12,1,-19.32,-5.14,-1.261,갭하락 손절,20.5
IMKTA,pullback,2022-05-11,2022-05-16,92.8522,89.3718,5,3,-21.5,-4.61,-0.667,SMA50 이탈,27.2
SBLK,pullback,2022-05-12,2022-06-08,18.8127,18.9754,19,18,28.21,7.86,0.986,SMA50 이탈,74.6
MCK,pullback,2022-06-08,2022-06-09,314.0562,305.6803,1,1,-11.16,-3.54,-0.782,SMA50 이탈,44.0
CYTK,pullback,2022-06-09,2022-06-10,41.37,38.0604,10,1,-36.67,-8.82,-1.108,손절,11.2
AMR,pullback,2022-01-27,2022-06-13,59.8158,138.7697,6,94,261.15,72.44,9.096,SMA50 이탈,153.9
OXY,pullback,2022-05-03,2022-06-13,54.1449,56.1718,6,28,29.0,8.89,1.116,SMA50 이탈,74.3
PBR,pullback,2022-05-12,2022-06-13,5.478,5.3883,1,21,-0.14,-2.52,-0.316,SMA50 이탈,70.0
LNTH,pullback,2022-05-16,2022-06-13,63.27,61.88,6,19,22.67,5.94,0.746,SMA50 이탈,113.6
TDW,pullback,2022-06-13,2022-06-14,25.54,24.3639,18,1,-25.21,-5.46,-1.191,손절,138.0
CNR,pullback,2022-06-16,2022-06-17,44.9417,43.4173,10,1,-19.22,-4.26,-1.261,손절,144.3
LNTH,pullback,2022-06-16,2022-06-17,62.36,60.72,5,1,-10.97,-3.5,-0.656,SMA50 이탈,142.3
HDSN,pullback,2022-06-16,2022-06-22,9.92,9.08,39,3,-36.09,-9.29,-1.166,갭하락 손절,159.2
MNTK,pullback,2022-06-17,2022-06-22,13.71,12.6132,27,2,-32.81,-8.82,-1.108,손절,38.0
TWI,pullback,2022-06-22,2022-06-23,18.16,16.7072,20,1,-32.19,-8.82,-1.108,손절,139.4
CNR,pullback,2022-06-22,2022-06-23,46.1656,42.4723,7,1,-28.64,-8.82,-1.108,손절,136.7
CMBT,pullback,2022-06-22,2022-06-23,6.6862,6.6078,2,1,-0.28,-2.06,-0.293,SMA50 이탈,44.0
ASC,pullback,2022-06-15,2022-06-24,5.918,5.4604,68,6,-34.6,-8.56,-1.112,손절,106.8
EOLS,pullback,2022-06-24,2022-06-28,12.28,11.87,28,2,-14.52,-4.2,-0.528,SMA50 이탈,82.3
CNR,pullback,2022-06-28,2022-06-29,51.8891,47.738,6,1,-27.6,-8.82,-1.108,손절,125.5
UNM,pullback,2022-06-27,2022-06-30,30.4429,30.212,7,3,-3.53,-1.65,-0.221,SMA50 이탈,45.4
WDS,pullback,2022-06-29,2022-06-30,16.5238,15.9683,18,1,-12.63,-4.23,-0.542,SMA50 이탈,47.4
LNTH,pullback,2022-07-01,2022-07-06,65.79,61.42,5,2,-24.71,-7.48,-0.939,SMA50 이탈,120.7
EOLS,pullback,2022-07-06,2022-07-26,12.3,12.1,26,14,20.0,6.23,0.782,SMA50 이탈,90.3
LLY,pullback,2022-06-23,2022-08-03,298.9696,303.1522,1,28,1.47,0.49,0.062,SMA50 이탈,17.3
SLP,pullback,2022-07-01,2022-09-01,48.775,58.1028,3,43,23.51,15.99,2.008,SMA50 이탈,1.9
CNR,pullback,2022-08-05,2022-09-16,54.7509,58.0167,6,29,32.96,9.99,1.254,SMA50 이탈,153.3
PRVA,pullback,2022-09-01,2022-09-19,39.51,37.79,9,11,-18.61,-5.21,-0.654,SMA50 이탈,55.7
SMCI,pullback,2022-09-16,2022-09-19,6.466,5.814,69,1,-48.8,-10.89,-1.597,갭하락 손절,52.9
XENE,pullback,2022-07-27,2022-09-23,32.92,35.53,12,41,38.79,9.78,1.443,SMA50 이탈,20.7
CBZ,pullback,2022-09-19,2022-09-23,43.99,43.49,8,4,-7.15,-2.02,-0.41,SMA50 이탈,8.5
HRB,pullback,2022-06-22,2022-09-26,29.2354,37.1753,12,66,56.64,16.07,4.558,SMA50 이탈,46.0
EXLS,pullback,2022-06-23,2022-09-26,28.21,29.536,12,65,25.96,7.63,1.226,SMA50 이탈,5.7
ALNY,pullback,2022-09-19,2022-09-26,210.92,197.3961,2,5,-30.72,-7.25,-1.136,손절,30.6
PBR,pullback,2022-09-23,2022-09-26,6.8457,6.3704,62,1,-33.16,-7.78,-1.923,갭하락 손절,39.9
ASC,pullback,2022-09-28,2022-09-29,7.7565,7.136,38,1,-26.13,-8.82,-1.108,손절,116.5
CNR,pullback,2022-09-29,2022-09-30,62.3862,60.0521,4,1,-11.54,-4.6,-0.578,SMA50 이탈,85.5
BJ,pullback,2022-09-27,2022-10-05,75.92,72.25,5,6,-21.68,-5.69,-1.023,SMA50 이탈,17.7
RLMD,pullback,2022-09-26,2022-10-13,32.2,6.66,10,13,-104.38,-32.27,-4.052,갭하락 손절,27.1
DK,pullback,2022-09-29,2022-10-14,23.4937,22.467,1,11,-1.23,-5.23,-0.656,SMA50 이탈,36.9
DCGO,pullback,2022-09-27,2022-10-26,10.21,10.16,33,21,-4.67,-1.38,-0.173,SMA50 이탈,20.4
RYTM,pullback,2022-10-26,2022-11-02,24.33,22.9,12,5,-19.71,-6.72,-0.844,SMA50 이탈,220.0
PLRX,pullback,2022-10-05,2022-11-07,21.38,21.65,15,23,26.24,8.14,1.023,SMA50 이탈,193.0
LNG,pullback,2022-09-30,2022-11-09,158.619,156.9513,2,28,-6.18,-1.94,-0.243,SMA50 이탈,16.8
WTI,pullback,2022-11-02,2022-11-09,7.4428,6.8473,42,5,9.63,3.07,0.385,손절,56.8
HAE,pullback,2022-11-07,2022-11-14,84.52,78.2496,4,5,-28.01,-8.25,-1.117,손절,55.5
SGML,pullback,2022-11-09,2022-11-14,35.94,33.0648,8,3,-25.49,-8.82,-1.108,손절,154.0
TDW,pullback,2022-11-14,2022-11-18,32.54,30.69,10,4,-21.35,-6.53,-1.154,손절,53.5
YPF,pullback,2022-11-14,2022-11-21,7.59,6.9828,39,5,-26.24,-8.82,-1.108,손절,80.0
TEN,pullback,2022-10-14,2022-11-23,14.3951,14.2459,2,28,1.89,6.52,0.819,SMA50 이탈,52.4
TNK,pullback,2022-10-13,2022-12-07,24.3258,25.5645,7,38,17.67,10.33,1.297,SMA50 이탈,70.4
PRTA,pullback,2022-11-23,2022-12-09,61.1,58.36,4,11,-13.11,-5.34,-0.671,SMA50 이탈,134.4
DGII,pullback,2022-11-09,2022-12-16,37.36,37.44,9,26,10.2,3.02,0.704,SMA50 이탈,87.0
CALX,pullback,2022-11-21,2022-12-19,69.45,67.67,4,19,-9.59,-3.44,-0.431,SMA50 이탈,100.5
IMCR,pullback,2022-12-16,2022-12-19,62.12,57.1504,4,1,-22.03,-8.82,-1.108,손절,99.8
PI,pullback,2022-12-20,2022-12-27,111.17,107.5,2,4,-9.31,-4.17,-0.918,SMA50 이탈,119.3
FTI,pullback,2022-12-27,2023-01-03,11.9002,11.3125,23,4,-15.92,-5.79,-0.727,SMA50 이탈,82.3
STNG,pullback,2022-11-18,2023-01-04,45.6577,43.0643,6,30,10.31,3.75,0.5,SMA50 이탈,72.1
ASC,pullback,2023-01-03,2023-01-04,11.3626,10.5927,29,1,-25.19,-7.61,-1.128,손절,106.7
SMCI,pullback,2023-01-04,2023-01-05,8.461,8.025,32,1,-16.33,-6.0,-0.754,SMA50 이탈,115.1
AXON,pullback,2023-01-04,2023-01-05,168.24,165.74,1,1,-4.0,-2.37,-0.536,SMA50 이탈,75.9
PCVX,pullback,2022-12-09,2023-01-11,43.94,40.7286,7,21,-25.15,-8.14,-1.119,손절,131.1
EXTR,pullback,2023-01-05,2023-01-19,18.64,18.64,17,9,-2.85,-0.9,-0.183,SMA50 이탈,112.7
AGYS,pullback,2023-01-11,2023-01-25,77.29,74.9331,4,9,1.91,0.62,0.203,손절,59.5
RYTM,pullback,2023-01-25,2023-01-30,30.65,28.198,9,3,-24.45,-8.82,-1.108,손절,169.4
AXSM,pullback,2023-01-19,2023-02-03,69.78,68.7,3,11,-5.11,-2.43,-0.305,SMA50 이탈,59.3
TME,pullback,2023-02-01,2023-02-06,8.2918,7.6285,33,3,-24.25,-8.82,-1.108,손절,117.4
CLDX,pullback,2023-02-03,2023-02-08,44.44,42.34,7,3,-17.43,-5.58,-0.899,SMA50 이탈,44.9
MOMO,pullback,2023-02-08,2023-02-17,8.0397,7.2432,33,7,-28.55,-10.71,-1.345,갭하락 손절,139.0
PDD,pullback,2023-02-17,2023-02-21,95.04,86.22,3,1,-28.91,-10.09,-1.633,갭하락 손절,103.7
PLRX,pullback,2023-02-21,2023-03-09,31.2,29.5317,9,12,-17.47,-6.2,-1.164,손절,58.0
YPF,pullback,2022-12-20,2023-03-10,7.99,10.65,34,54,64.21,23.53,2.954,SMA50 이탈,124.3
GGAL,pullback,2023-03-09,2023-03-10,10.7436,9.926,25,1,-22.77,-8.44,-1.114,손절,54.5
MOD,pullback,2023-02-06,2023-03-13,22.71,22.83,11,24,20.05,7.99,1.003,SMA50 이탈,58.5
CECO,pullback,2023-03-10,2023-03-13,15.26,14.0392,16,1,-21.64,-8.82,-1.108,손절,57.0
TCOM,pullback,2023-03-14,2023-03-15,37.3087,36.2041,6,1,-8.61,-3.83,-0.491,SMA50 이탈,45.9
VKTX,pullback,2023-03-15,2023-03-21,10.75,10.0188,24,4,-19.79,-7.64,-1.128,손절,235.4
MNSO,pullback,2023-01-05,2023-03-24,10.637,14.9794,20,54,58.26,27.26,3.423,SMA50 이탈,53.9
DHI,pullback,2023-03-10,2023-03-27,91.8836,91.9608,2,11,-1.5,-0.81,-0.11,SMA50 이탈,34.3
ALV,pullback,2023-03-27,2023-04-05,82.3226,81.07,3,7,-5.96,-2.4,-0.45,SMA50 이탈,29.3
BORR,pullback,2023-03-21,2023-04-21,6.8109,6.4495,35,22,-14.74,-6.15,-0.773,SMA50 이탈,76.2
OSPN,pullback,2023-04-05,2023-04-25,16.868,15.5185,14,13,-20.93,-8.82,-1.108,손절,103.2
AGI,pullback,2023-04-25,2023-04-27,12.6288,12.2199,17,2,-8.85,-4.1,-1.273,손절,75.7
ASO,pullback,2022-12-07,2023-05-01,48.3717,59.2514,2,98,15.81,16.27,2.69,SMA50 이탈,27.9
YEXT,pullback,2023-04-21,2023-05-02,9.1,8.59,25,7,-14.74,-6.45,-0.81,SMA50 이탈,103.1
CARS,pullback,2023-03-27,2023-05-04,18.39,16.9188,13,27,-21.19,-8.82,-1.108,손절,58.7
VIPS,pullback,2023-04-27,2023-05-05,13.4902,13.436,15,6,-2.63,-1.29,-0.162,SMA50 이탈,109.8
COTY,pullback,2023-05-04,2023-05-10,11.94,11.66,18,4,-6.95,-3.22,-0.404,SMA50 이탈,77.8
HL,pullback,2023-05-05,2023-05-10,5.8403,5.6259,37,3,-9.84,-4.53,-1.241,손절,31.8
IOT,pullback,2023-05-10,2023-05-11,19.53,19.12,11,1,-6.42,-2.98,-0.374,SMA50 이탈,99.0
GGAL,pullback,2023-05-11,2023-05-16,9.8877,9.2519,22,3,-15.88,-7.27,-0.913,SMA50 이탈,59.8
INTA,pullback,2023-05-10,2023-05-17,44.12,40.5904,4,5,-15.64,-8.82,-1.108,손절,112.7
MNSO,pullback,2023-05-16,2023-05-18,16.2839,14.9812,12,2,-17.32,-8.82,-1.108,손절,156.0
OR,pullback,2023-03-13,2023-05-24,13.0546,15.1687,22,51,38.97,13.51,2.108,SMA50 이탈,30.4
TGLS,pullback,2023-05-01,2023-05-24,43.0988,39.6843,1,17,-3.79,-8.75,-1.109,손절,112.0
ALDX,pullback,2023-05-02,2023-05-24,10.11,9.61,22,16,-12.95,-5.8,-0.728,SMA50 이탈,81.9
AUPH,pullback,2023-05-18,2023-05-24,10.67,10.44,16,4,-5.2,-3.03,-0.433,SMA50 이탈,112.1
YPF,pullback,2023-05-24,2023-05-25,11.26,11.06,20,1,-6.01,-2.66,-0.392,SMA50 이탈,51.8
AGI,pullback,2023-05-24,2023-05-25,12.7272,12.1268,18,1,-12.82,-5.57,-1.029,SMA50 이탈,45.0
TKO,pullback,2023-05-25,2023-05-26,95.6771,94.3481,2,1,-4.37,-2.27,-0.649,SMA50 이탈,30.0
WING,pullback,2023-05-25,2023-05-30,203.7631,194.4902,1,2,-11.07,-5.41,-1.193,손절,31.2
LTH,pullback,2023-05-30,2023-05-31,20.55,18.906,8,1,-14.57,-8.82,-1.108,손절,61.2
SRAD,pullback,2023-05-17,2023-06-15,12.23,11.98,15,20,-5.38,-2.92,-0.367,SMA50 이탈,23.2
BMEA,pullback,2023-05-31,2023-06-22,33.88,32.59,5,15,5.42,3.18,0.4,SMA50 이탈,360.1
PTGX,pullback,2023-05-26,2023-07-03,25.29,23.8095,8,24,4.07,2.0,0.344,손절,223.5
CX,pullback,2023-05-26,2023-07-06,6.1556,6.4296,5,26,1.83,5.91,1.131,SMA50 이탈,39.4
SMCI,pullback,2023-07-03,2023-08-09,25.489,26.613,8,26,18.88,9.22,1.157,SMA50 이탈,209.2
PLTR,pullback,2023-07-06,2023-08-09,15.32,15.25,13,24,12.36,6.18,0.776,SMA50 이탈,144.5
DKNG,pullback,2023-06-22,2023-08-10,24.69,27.75,9,34,19.38,8.68,2.79,SMA50 이탈,105.9
GRBK,pullback,2023-08-09,2023-08-10,54.38,52.6,4,1,-9.05,-4.14,-0.52,SMA50 이탈,68.0
KBH,pullback,2023-05-26,2023-08-16,41.9713,49.0964,3,55,13.55,10.71,2.37,SMA50 이탈,47.2
BBIO,pullback,2023-08-09,2023-08-16,31.63,29.9485,8,5,-15.67,-6.16,-1.165,손절,182.0
BORR,pullback,2023-08-10,2023-08-16,8.0063,7.4492,27,4,-16.92,-7.79,-1.125,손절,46.3
SPHR,pullback,2023-08-10,2023-08-17,40.85,37.582,5,5,-18.1,-8.82,-1.108,손절,66.6
BZH,pullback,2023-08-16,2023-08-17,32.46,31.1058,7,1,-11.48,-5.03,-1.211,손절,111.1
NVDA,pullback,2023-08-16,2023-08-17,44.4334,43.2597,1,1,-1.57,-3.51,-0.441,SMA50 이탈,101.7
ARLO,pullback,2023-08-17,2023-08-18,10.56,9.93,19,1,-13.72,-6.81,-0.855,SMA50 이탈,145.9
YPF,pullback,2023-08-17,2023-08-21,14.89,14.4,4,2,-2.49,-4.16,-0.522,SMA50 이탈,21.0
LI,pullback,2023-08-18,2023-08-23,38.58,38.3427,5,3,-1.5,-0.77,-1.264,손절,60.8
RXST,pullback,2023-08-16,2023-08-24,30.71,29.36,6,6,-9.72,-5.25,-0.66,SMA50 이탈,128.4
RXST,pullback,2023-08-24,2023-08-25,30.63,29.5,6,1,-8.4,-4.55,-0.572,SMA50 이탈,122.6
ACAD,pullback,2023-08-17,2023-08-29,29.23,26.8916,7,8,-18.14,-8.82,-1.108,손절,53.1
ARCT,pullback,2023-08-23,2023-08-31,32.7,30.35,3,6,-7.9,-8.02,-1.007,SMA50 이탈,86.7
MLTX,pullback,2023-06-15,2023-09-01,26.25,53.93,7,54,97.74,52.95,6.649,SMA50 이탈,176.0
CMPR,pullback,2023-08-31,2023-09-05,66.11,64.34,2,2,-4.71,-3.55,-0.45,SMA50 이탈,90.0
QTRX,pullback,2023-08-29,2023-09-11,25.11,24.32,8,8,-8.1,-4.01,-0.549,SMA50 이탈,129.3
DFH,pullback,2023-09-01,2023-09-12,29.31,26.9652,6,6,-15.59,-8.82,-1.108,손절,131.1
FOR,pullback,2023-09-05,2023-09-13,29.01,27.66,4,6,-6.42,-5.51,-0.993,SMA50 이탈,101.9
DFH,pullback,2023-09-12,2023-09-13,27.86,25.839,7,1,-15.84,-8.09,-1.12,손절,133.1
COCO,pullback,2023-08-21,2023-09-15,27.44,26.79,5,18,5.57,4.04,0.507,SMA50 이탈,72.5
BBIO,pullback,2023-09-15,2023-09-18,28.89,28.54,3,1,-1.83,-2.1,-0.33,SMA50 이탈,107.9
MLTX,pullback,2023-09-13,2023-09-21,57.14,53.18,3,6,-13.37,-7.76,-0.975,SMA50 이탈,160.7
XP,pullback,2023-09-13,2023-09-21,22.9203,21.1427,6,6,-11.86,-8.58,-1.112,손절,134.6
ANF,pullback,2023-09-18,2023-09-21,52.15,50.05,1,3,-2.56,-4.89,-1.233,갭하락 손절,96.9
RAMP,pullback,2023-09-21,2023-09-22,29.75,29.64,5,1,-1.89,-1.26,-0.334,SMA50 이탈,35.6
DBRG,pullback,2023-09-26,2023-09-27,16.6804,16.383,1,1,-0.45,-2.66,-0.505,SMA50 이탈,57.6
PCVX,pullback,2023-09-11,2023-10-02,50.81,49.04,4,15,-8.88,-4.35,-0.603,SMA50 이탈,31.8
AD,pullback,2023-09-21,2023-10-03,18.7166,18.104,11,8,2.42,1.17,0.359,손절,97.3
TDW,pullback,2023-09-27,2023-10-04,69.13,63.8154,1,5,-5.91,-8.51,-1.113,손절,59.8
MLTX,pullback,2023-10-04,2023-10-11,57.95,53.314,2,5,-10.27,-8.82,-1.108,손절,180.6
CMPR,pullback,2023-10-11,2023-10-12,69.16,66.9,3,1,-8.62,-4.13,-0.75,SMA50 이탈,56.9
APP,pullback,2023-10-03,2023-10-13,40.32,38.52,4,8,-8.62,-5.32,-0.668,SMA50 이탈,159.2
IDYA,pullback,2023-10-12,2023-10-13,27.49,25.2908,6,1,-14.62,-8.82,-1.108,손절,105.9
HURN,pullback,2023-08-25,2023-10-20,99.0,99.23,1,39,-0.66,-0.67,-0.157,SMA50 이탈,40.5
HOS,pullback,2023-10-13,2023-10-20,11.01,10.38,15,5,-10.89,-6.57,-0.825,SMA50 이탈,38.7
OLLI,pullback,2023-10-23,2023-10-24,73.95,74.72,2,1,0.2,0.14,0.026,SMA50 이탈,16.8
TTI,pullback,2023-10-16,2023-10-25,6.39,5.8788,25,7,-14.16,-8.82,-1.108,손절,98.7
STLA,pullback,2023-10-24,2023-10-26,16.1773,15.8793,11,2,-4.86,-2.72,-1.484,손절,15.3
VRT,pullback,2023-10-25,2023-10-26,41.3899,37.4342,3,1,-12.93,-10.37,-1.302,갭하락 손절,219.1
PLTR,pullback,2023-10-25,2023-10-26,16.57,15.2444,9,1,-13.22,-8.82,-1.108,손절,115.0
STLA,pullback,2023-10-26,2023-10-27,16.0913,15.8452,11,1,-4.29,-2.41,-1.584,손절,17.3
CRS,pullback,2023-10-27,2023-10-30,62.8729,62.1726,2,1,-2.53,-2.0,-0.323,SMA50 이탈,21.0
CNR,pullback,2023-10-30,2023-10-31,102.6382,92.7987,1,1,-10.72,-10.4,-2.181,갭하락 손절,78.0
HCC,pullback,2023-10-30,2023-11-07,47.5744,45.0444,3,6,-8.84,-6.17,-1.165,손절,39.8
AZZ,pullback,2023-10-27,2023-11-08,45.5605,45.3355,3,8,-1.9,-1.39,-0.295,SMA50 이탈,25.2
FUTU,pullback,2023-11-07,2023-11-09,58.6926,55.0772,2,2,-8.25,-7.0,-0.879,SMA50 이탈,48.9
IMVT,pullback,2023-11-08,2023-11-09,34.67,31.8964,4,1,-12.29,-8.82,-1.108,손절,82.0
WFRD,pullback,2023-11-10,2023-11-16,93.2427,89.1609,1,4,-4.9,-5.23,-0.702,SMA50 이탈,60.8
SUZ,pullback,2023-11-09,2023-11-17,10.2834,10.1888,14,6,-2.61,-1.81,-0.242,SMA50 이탈,28.9
PRDO,pullback,2023-11-17,2023-11-20,17.0234,15.9324,8,1,-9.91,-7.25,-0.91,SMA50 이탈,48.5
FRO,pullback,2023-11-16,2023-11-30,17.5341,15.9194,9,9,-15.89,-10.02,-2.551,갭하락 손절,63.3
MNSO,pullback,2023-11-30,2023-12-01,24.3699,22.3592,5,1,-11.11,-9.07,-1.139,갭하락 손절,73.3
NPKI,pullback,2023-11-20,2023-12-06,7.17,6.89,23,11,-7.9,-4.77,-0.704,SMA50 이탈,82.6
POWL,pullback,2023-12-01,2023-12-06,27.1775,25.8915,6,3,2.37,1.45,0.308,손절,44.9
CWCO,pullback,2023-10-02,2024-01-04,27.5091,32.4358,7,65,23.85,12.33,2.497,SMA50 이탈,86.1
EDU,pullback,2024-01-04,2024-01-18,71.6682,72.5001,2,9,0.37,0.25,0.032,SMA50 이탈,79.4
UPWK,pullback,2023-12-07,2024-01-24,13.96,14.16,11,31,6.6,4.28,1.026,SMA50 이탈,53.3
HWKN,pullback,2024-01-24,2024-02-01,66.8651,55.8914,2,6,-23.05,-17.16,-2.178,갭하락 손절,38.6
UEC,pullback,2024-02-01,2024-02-20,7.9,7.268,19,12,-13.3,-8.82,-1.108,손절,112.2
CAMT,pullback,2023-12-07,2024-03-08,61.7744,76.0891,2,62,21.08,16.98,2.643,SMA50 이탈,101.5
ALXO,pullback,2024-03-08,2024-03-11,14.12,13.8897,14,1,-4.99,-2.51,-1.547,손절,235.5
ANF,pullback,2023-09-25,2024-03-18,50.25,130.82,3,120,84.83,56.02,18.822,120일 만료,105.6
LQDA,pullback,2024-03-11,2024-04-12,14.04,13.95,11,23,11.58,7.46,0.937,SMA50 이탈,98.0
LQDA,pullback,2024-04-12,2024-04-15,15.33,14.03,14,1,-20.05,-9.3,-1.635,갭하락 손절,135.5
MOD,pullback,2024-03-18,2024-04-17,88.43,85.64,1,21,-3.57,-4.02,-0.505,SMA50 이탈,96.0
SMCI,pullback,2024-04-17,2024-04-18,99.201,92.848,1,1,-7.22,-7.24,-0.909,SMA50 이탈,242.3
NVMI,pullback,2024-04-17,2024-04-18,175.22,170.0,1,1,-6.77,-3.85,-0.754,SMA50 이탈,65.9
VST,pullback,2024-04-18,2024-04-19,67.9753,64.0669,2,1,-9.01,-6.59,-1.152,손절,114.5
DOCU,pullback,2024-04-18,2024-04-19,58.3,55.7,3,1,-9.34,-5.32,-1.045,SMA50 이탈,39.3
BVN,pullback,2024-04-19,2024-04-22,15.1768,14.9306,12,1,-4.58,-2.5,-0.394,SMA50 이탈,91.5
VRT,pullback,2023-10-31,2024-04-24,37.8925,84.3394,3,120,57.29,50.17,6.299,120일 만료,158.3
NAMS,pullback,2024-04-24,2024-04-25,21.48,21.44,7,1,-1.63,-1.08,-0.136,SMA50 이탈,204.3
HCI,pullback,2024-01-18,2024-05-09,85.4916,101.7924,1,78,15.46,18.0,2.26,SMA50 이탈,54.0
BKD,pullback,2024-04-19,2024-05-23,6.51,6.68,23,24,8.69,5.78,1.104,SMA50 이탈,59.8
TBCH,pullback,2024-05-09,2024-05-23,15.5,15.86,12,10,2.63,1.41,0.177,SMA50 이탈,74.7
CENX,pullback,2024-05-28,2024-06-04,18.66,17.1672,10,5,-16.54,-8.82,-1.108,손절,128.7
SUPV,pullback,2024-04-22,2024-06-06,5.3069,6.0804,32,32,23.72,13.91,1.826,SMA50 이탈,158.2
PI,pullback,2024-06-04,2024-06-07,166.0,151.43,1,3,-16.0,-9.59,-1.205,갭하락 손절,98.8
VERA,pullback,2024-06-06,2024-06-07,39.4,38.5,2,1,-2.5,-3.16,-0.397,SMA50 이탈,196.9
TREE,pullback,2024-06-07,2024-06-10,43.29,41.73,4,1,-7.77,-4.47,-0.561,SMA50 이탈,127.1
EVER,pullback,2024-04-25,2024-06-11,19.37,21.37,8,32,18.91,12.15,1.525,SMA50 이탈,170.6
ZIM,pullback,2024-06-11,2024-06-12,11.5129,11.0231,8,1,-4.73,-5.11,-2.311,갭하락 손절,188.0
PHIN,pullback,2024-06-10,2024-06-13,41.5524,39.8012,4,3,-8.47,-5.07,-1.223,갭하락 손절,67.8
CRTO,pullback,2024-05-23,2024-06-14,37.5,35.6697,5,15,-10.8,-5.73,-1.18,손절,53.2
HBM,pullback,2024-06-07,2024-06-14,8.9856,8.7181,9,5,-3.13,-3.85,-1.298,손절,104.2
SG,pullback,2024-06-13,2024-06-14,34.82,32.0344,4,1,-12.35,-8.82,-1.108,손절,227.6
STOK,pullback,2024-06-12,2024-06-18,16.57,15.2444,5,4,-7.34,-8.82,-1.108,손절,232.1
BBAR,pullback,2024-06-14,2024-06-20,9.2023,8.4661,17,3,-13.87,-8.82,-1.108,손절,117.2
GGAL,pullback,2024-06-14,2024-06-20,30.7101,28.2533,4,3,-10.89,-8.82,-1.108,손절,105.6
BMA,pullback,2024-02-20,2024-06-26,27.2389,51.1215,5,88,78.78,57.58,7.23,SMA50 이탈,46.9
HIMS,pullback,2024-06-26,2024-06-27,22.82,19.45,6,1,-21.36,-15.53,-1.95,갭하락 손절,169.3
VITL,pullback,2024-06-18,2024-07-18,42.42,40.44,2,20,-4.71,-5.52,-0.693,SMA50 이탈,185.6
CMRE,pullback,2024-07-18,2024-07-19,14.7493,14.064,9,1,-7.33,-5.5,-1.344,갭하락 손절,44.7
CLS,pullback,2024-06-14,2024-07-24,56.57,53.39,2,26,-7.35,-6.47,-0.812,SMA50 이탈,106.6
HOOD,pullback,2024-06-27,2024-07-24,22.44,21.41,6,18,-7.36,-5.44,-0.694,SMA50 이탈,72.3
NRIX,pullback,2024-07-24,2024-07-25,22.37,20.5804,6,1,-11.9,-8.82,-1.108,손절,183.9
NN,pullback,2024-07-24,2024-08-01,8.47,7.8507,19,6,-13.16,-8.14,-1.119,손절,117.7
TPC,pullback,2024-06-20,2024-08-02,21.7345,18.8246,7,30,3.79,2.48,0.311,갭하락 손절,145.5
GRND,pullback,2024-07-26,2024-08-02,11.61,11.0,15,5,-10.68,-6.1,-1.417,갭하락 손절,33.2
SEZL,pullback,2024-08-01,2024-08-02,14.3225,12.825,10,1,-16.2,-11.26,-1.414,갭하락 손절,124.5
MMYT,pullback,2024-07-19,2024-08-05,86.69,77.33,1,11,-10.1,-11.6,-1.636,갭하락 손절,85.3
DNTH,pullback,2024-08-06,2024-08-07,28.32,26.0544,4,1,-10.04,-8.82,-1.108,손절,40.4
TRUP,pullback,2024-08-06,2024-08-07,35.57,32.7244,2,1,-6.31,-8.82,-1.108,손절,32.2
FIP,pullback,2024-08-07,2024-08-09,9.2629,8.5218,12,2,-9.85,-8.82,-1.108,손절,131.6
DYN,pullback,2024-08-06,2024-09-03,42.21,27.77,3,19,-44.26,-34.8,-4.369,갭하락 손절,95.9
INSM,pullback,2024-08-07,2024-09-03,73.67,73.31,1,18,-1.02,-1.38,-0.173,SMA50 이탈,157.0
KGC,pullback,2024-09-03,2024-09-04,8.7925,8.457,16,1,-6.61,-4.68,-1.41,갭하락 손절,80.2
CVNA,pullback,2024-06-20,2024-09-06,21.998,26.682,4,54,15.54,17.58,2.208,SMA50 이탈,115.5
STOK,pullback,2024-09-03,2024-09-12,14.52,13.71,8,7,-7.5,-6.42,-0.825,SMA50 이탈,90.7
BCRX,pullback,2024-08-06,2024-09-24,7.6,7.63,17,34,8.79,6.77,0.85,SMA50 이탈,47.8
VTOL,pullback,2024-09-24,2024-09-25,36.9133,35.6343,3,1,-4.82,-4.33,-0.544,SMA50 이탈,41.4
NXRT,pullback,2024-09-25,2024-09-26,40.6718,39.3964,3,1,-4.91,-4.0,-1.282,손절,51.4
ADMA,pullback,2024-08-09,2024-10-10,15.1,17.01,7,43,14.37,13.54,1.7,SMA50 이탈,135.3
HROW,pullback,2024-09-06,2024-10-30,39.98,44.42,3,38,11.67,9.69,1.859,SMA50 이탈,254.0
COHR,pullback,2024-10-30,2024-10-31,97.15,93.6441,1,1,-4.36,-4.47,-1.245,손절,80.4
ECHO,pullback,2024-10-10,2024-11-12,26.06,23.9752,4,23,-9.24,-8.82,-1.108,손절,94.9
AXGN,pullback,2024-11-12,2024-11-13,13.96,12.8432,10,1,-12.37,-8.82,-1.108,손절,141.3
KVYO,pullback,2024-11-13,2024-11-15,36.17,35.16,4,2,-5.32,-3.66,-0.46,SMA50 이탈,55.8
LUMN,pullback,2024-10-31,2024-12-02,6.69,6.99,20,21,12.44,9.25,1.162,SMA50 이탈,452.9
FTAI,pullback,2024-09-12,2024-12-09,113.9831,147.6044,1,61,32.44,28.34,5.718,SMA50 이탈,103.0
ZLAB,pullback,2024-12-02,2024-12-10,29.5,27.73,3,6,-6.08,-6.84,-0.859,SMA50 이탈,62.3
GDS,pullback,2024-12-10,2024-12-11,20.65,20.84,6,1,0.02,0.02,0.002,SMA50 이탈,137.3
WVE,pullback,2024-12-09,2024-12-12,15.49,14.2508,9,3,-12.36,-8.82,-1.108,손절,162.8
WVE,pullback,2024-12-12,2024-12-13,15.3,13.93,9,1,-13.51,-9.77,-1.227,갭하락 손절,141.2
USLM,pullback,2024-12-13,2024-12-17,146.926,138.1193,1,2,-10.09,-6.84,-1.146,손절,121.8
CRVL,pullback,2024-12-11,2024-12-18,120.4,114.9159,1,5,-6.54,-5.41,-1.193,손절,52.1
TGTX,pullback,2024-12-17,2024-12-18,34.3,31.556,4,1,-12.16,-8.82,-1.108,손절,107.6
WVE,pullback,2024-12-18,2024-12-19,14.54,13.08,9,1,-14.26,-10.85,-1.362,갭하락 손절,153.1
XPEV,pullback,2024-12-18,2024-12-30,12.71,11.8602,10,7,-9.6,-7.52,-1.13,손절,71.7
VSXY,pullback,2024-12-30,2025-01-02,41.65,40.2732,3,2,-5.24,-4.17,-1.268,손절,139.2
WGS,pullback,2024-09-06,2025-01-14,32.6,72.005,3,88,48.73,49.61,6.229,SMA50 이탈,305.2
WLFC,pullback,2025-01-02,2025-01-15,68.774,63.2721,1,8,-6.1,-8.82,-1.108,손절,197.4
TAC,pullback,2024-11-15,2025-01-27,10.1603,10.4438,14,46,12.02,8.42,1.057,SMA50 이탈,43.4
TECX,pullback,2025-01-27,2025-01-28,45.81,40.75,2,1,-10.9,-11.84,-1.487,갭하락 손절,174.9
SRRK,pullback,2025-01-14,2025-01-30,43.17,40.4,2,11,-6.29,-7.25,-0.911,SMA50 이탈,368.1
BYRN,pullback,2025-01-15,2025-02-03,27.98,25.7416,3,12,5.93,7.03,0.883,손절,159.3
TARS,pullback,2025-01-28,2025-02-10,51.5,51.76,2,9,-0.41,-0.4,-0.05,SMA50 이탈,82.2
CLBT,pullback,2024-12-19,2025-02-13,20.7,21.7,5,36,7.57,7.28,1.093,SMA50 이탈,70.1
MESO,pullback,2025-01-30,2025-02-19,19.2,17.664,6,13,-10.21,-8.82,-1.108,손절,187.9
BYRN,pullback,2025-02-10,2025-02-20,30.48,28.0416,3,7,-8.11,-8.82,-1.108,손절,228.2
ETON,pullback,2025-02-19,2025-02-20,17.02,14.37,6,1,-16.75,-16.33,-2.199,갭하락 손절,327.2
CIEN,pullback,2025-02-03,2025-02-21,83.41,84.08,1,13,-0.08,-0.1,-0.013,SMA50 이탈,65.2
INTA,pullback,2025-02-13,2025-02-21,71.3,65.596,1,5,-6.32,-8.82,-1.108,손절,118.3
UAL,pullback,2025-02-20,2025-02-21,105.63,97.1796,1,1,-9.36,-8.82,-1.108,손절,153.2
CRMD,pullback,2025-02-20,2025-02-21,11.18,10.2856,6,1,-5.95,-8.82,-1.108,손절,132.4
ALHC,pullback,2025-02-21,2025-02-24,14.0,13.36,9,1,-6.87,-5.43,-1.202,갭하락 손절,67.3
FRSH,pullback,2025-02-21,2025-02-25,17.97,17.01,6,2,-6.7,-6.19,-0.794,SMA50 이탈,54.2
TDS,pullback,2024-09-26,2025-02-27,23.3647,35.3055,6,104,41.83,29.71,5.604,SMA50 이탈,49.6
CENX,pullback,2025-02-26,2025-02-28,20.6,18.952,2,2,-3.65,-8.82,-1.108,손절,43.3
AS,pullback,2025-02-27,2025-02-28,30.31,29.89,3,1,-2.07,-2.27,-0.285,SMA50 이탈,114.7
UNFI,pullback,2025-02-26,2025-03-03,32.37,29.7804,3,3,-8.61,-8.82,-1.108,손절,143.7
UNIT,pullback,2025-02-24,2025-03-04,9.8339,9.0472,10,6,-8.72,-8.82,-1.108,손절,27.4
NBN,pullback,2025-03-03,2025-03-04,100.0236,96.9456,1,1,-3.96,-3.95,-1.288,손절,44.8
KINS,pullback,2025-03-04,2025-03-05,15.911,15.4387,6,1,-3.68,-3.84,-0.482,SMA50 이탈,75.1
ATRC,pullback,2025-03-04,2025-03-06,38.22,36.97,2,2,-3.18,-4.14,-1.595,갭하락 손절,52.2
CRK,pullback,2025-03-05,2025-03-06,18.76,17.2592,5,1,-8.31,-8.82,-1.108,손절,78.0
LAUR,pullback,2025-02-28,2025-03-07,19.83,18.9486,6,5,-6.34,-5.3,-1.198,손절,30.0
BE,pullback,2025-03-06,2025-03-07,23.29,23.08,3,1,-1.26,-1.79,-0.225,SMA50 이탈,102.5
VICR,pullback,2025-02-21,2025-03-10,54.61,50.2412,1,11,-4.84,-8.82,-1.108,손절,36.5
QFIN,pullback,2025-03-06,2025-03-10,36.7167,33.5024,2,2,-7.06,-9.57,-1.202,갭하락 손절,67.4
VEON,pullback,2025-03-07,2025-03-10,45.57,42.1245,2,1,-7.68,-8.39,-1.115,손절,70.6
HIPO,pullback,2025-03-07,2025-03-10,30.28,27.8576,2,1,-5.37,-8.82,-1.108,손절,63.1
IBEX,pullback,2025-03-10,2025-03-11,25.03,23.9778,3,1,-3.82,-5.06,-1.21,손절,48.3
SLM,pullback,2025-03-10,2025-03-11,28.5839,27.604,2,1,-2.47,-4.29,-0.588,SMA50 이탈,40.7
ZIM,pullback,2025-03-10,2025-03-12,15.8783,14.6081,5,2,-7.04,-8.82,-1.108,손절,43.6
CRMD,pullback,2025-03-10,2025-03-13,10.59,10.38,7,3,-2.13,-2.86,-0.359,SMA50 이탈,86.6
PTLO,pullback,2025-03-11,2025-03-13,14.09,13.1769,6,2,-6.21,-7.32,-1.134,손절,17.4
COMP,pullback,2025-03-13,2025-04-03,8.74,8.43,7,15,-2.71,-4.41,-0.554,SMA50 이탈,49.2
LX,pullback,2025-03-12,2025-04-04,8.1599,7.5071,9,17,1.29,1.75,0.219,손절,459.7
SSRM,pullback,2025-03-12,2025-04-04,9.9606,9.2676,6,17,1.53,2.55,0.368,손절,102.7
ARQT,pullback,2025-04-03,2025-04-04,15.95,14.674,5,1,-7.07,-8.82,-1.108,손절,78.5
FINV,pullback,2025-03-13,2025-04-07,7.4483,7.5389,12,17,4.48,4.99,0.94,SMA50 이탈,58.3
ZLAB,pullback,2025-04-04,2025-04-07,34.33,28.92,2,1,-11.39,-16.51,-4.271,갭하락 손절,47.6
CVS,pullback,2025-04-09,2025-04-21,63.0513,61.8461,1,7,-1.77,-2.79,-0.35,SMA50 이탈,7.2
CRK,pullback,2025-04-10,2025-04-21,18.58,18.64,4,6,-0.43,-0.58,-0.072,SMA50 이탈,58.6
SSRM,pullback,2025-04-10,2025-04-23,9.9906,10.0905,7,8,0.07,0.1,0.012,SMA50 이탈,81.7
DRD,pullback,2025-04-10,2025-05-01,14.4895,13.8854,4,14,2.89,4.97,0.624,SMA50 이탈,46.6
TARS,pullback,2025-04-23,2025-05-02,50.5,47.36,1,7,-3.58,-7.06,-0.886,SMA50 이탈,33.4
GENI,pullback,2025-04-21,2025-05-06,10.35,9.522,7,11,-6.42,-8.82,-1.108,손절,35.9
GFI,pullback,2025-03-04,2025-05-12,17.9855,19.6186,1,48,1.46,8.1,1.107,SMA50 이탈,32.5
KINS,pullback,2025-05-06,2025-05-19,17.879,16.4487,4,9,2.2,3.07,0.385,손절,77.3
TRVI,pullback,2025-05-19,2025-05-21,6.4,6.18,11,2,-3.04,-4.3,-0.799,SMA50 이탈,116.7
HMY,pullback,2025-05-21,2025-05-27,15.3056,14.0811,4,3,-5.43,-8.82,-1.108,손절,76.0
SUPV,pullback,2025-05-12,2025-05-28,15.5563,14.3118,4,11,-5.52,-8.82,-1.108,손절,70.7
MRX,pullback,2025-04-21,2025-06-09,37.8288,39.9694,2,34,7.48,9.84,1.235,SMA50 이탈,55.5
HRTG,pullback,2025-06-09,2025-06-10,24.75,22.77,3,1,-6.58,-8.82,-1.108,손절,106.6
IHS,pullback,2025-06-10,2025-06-26,5.85,5.45,12,11,-5.41,-7.67,-0.963,SMA50 이탈,80.2
GFI,pullback,2025-06-26,2025-06-27,23.0875,21.9409,3,1,-4.05,-5.82,-1.558,갭하락 손절,80.1
EQT,pullback,2025-05-02,2025-07-08,50.7123,54.0551,1,44,2.87,5.64,0.708,SMA50 이탈,35.9
GRPN,pullback,2025-07-08,2025-07-11,36.75,33.81,1,3,-3.26,-8.82,-1.108,손절,202.1
USAU,pullback,2025-06-27,2025-07-15,12.78,11.7576,5,11,-5.66,-8.82,-1.108,손절,99.8
MASS,pullback,2025-07-11,2025-07-15,7.17,6.5964,10,2,-6.36,-8.82,-1.108,손절,228.2
ADPT,pullback,2025-05-28,2025-07-21,9.135,10.31,6,36,7.32,13.29,1.694,SMA50 이탈,106.8
LTBR,pullback,2025-07-15,2025-07-22,14.0,12.88,5,5,-6.2,-8.82,-1.108,손절,157.7
GRPN,pullback,2025-07-22,2025-07-28,34.87,32.0804,1,4,-3.09,-8.82,-1.108,손절,213.8
APEI,pullback,2025-07-28,2025-07-29,30.16,28.67,2,1,-3.51,-5.79,-1.227,갭하락 손절,38.9
AU,pullback,2025-07-15,2025-07-31,45.9658,43.555,1,12,-2.81,-6.09,-0.765,SMA50 이탈,95.2
PARR,pullback,2025-07-29,2025-07-31,32.29,30.5217,2,2,-4.1,-6.32,-1.16,손절,83.1
ASTS,pullback,2025-07-31,2025-08-01,54.49,50.6979,1,1,-4.27,-7.79,-1.125,손절,169.6
RKLB,pullback,2025-07-31,2025-08-01,46.37,42.6604,1,1,-4.11,-8.82,-1.108,손절,60.2
TPC,pullback,2025-08-01,2025-08-04,46.2592,46.04,1,1,-0.63,-1.37,-4.32,갭하락 손절,98.2
ARIS,pullback,2025-08-04,2025-08-12,7.1188,6.6528,11,6,2.54,3.23,0.496,손절,98.6
SRAD,pullback,2025-05-01,2025-09-17,23.31,28.93,3,95,11.57,16.47,2.325,SMA50 이탈,87.6
EVLV,pullback,2025-07-21,2025-09-30,5.9,7.55,11,50,13.06,20.04,2.61,SMA50 이탈,87.5
U,pullback,2025-09-30,2025-10-01,42.56,40.09,1,1,-2.84,-6.65,-1.622,갭하락 손절,109.1
PRM,pullback,2025-10-01,2025-10-21,22.1,20.9286,3,14,2.9,4.36,0.826,손절,122.3
KGC,pullback,2025-05-27,2025-10-27,14.2518,22.69,4,106,20.83,36.37,4.567,SMA50 이탈,47.9
TIGO,pullback,2025-08-01,2025-11-03,36.8466,44.2443,2,65,9.87,13.33,3.103,SMA50 이탈,53.4
QURE,pullback,2025-10-27,2025-11-03,61.65,23.05,1,5,-38.98,-62.95,-8.499,갭하락 손절,330.3
OPRX,pullback,2025-09-17,2025-11-04,18.04,18.78,4,34,6.57,9.06,1.138,SMA50 이탈,119.1
RUN,pullback,2025-11-03,2025-11-04,20.775,19.0,1,1,-1.95,-9.36,-1.176,갭하락 손절,184.8
ECHO,pullback,2025-11-03,2025-11-05,74.95,72.32,1,2,-3.29,-4.37,-0.753,SMA50 이탈,211.6
LASR,pullback,2025-10-21,2025-11-06,31.69,29.79,2,12,-4.35,-6.84,-0.859,SMA50 이탈,349.5
CMPS,pullback,2025-11-05,2025-11-06,6.54,5.51,10,1,-10.84,-16.5,-2.072,갭하락 손절,81.9
XMAX,pullback,2025-11-04,2025-11-07,5.61,5.3361,11,3,-3.55,-5.73,-1.18,손절,454.9
CTEV,pullback,2025-11-06,2025-11-07,64.98,60.8949,1,1,-4.65,-7.13,-1.139,손절,206.2
RZLT,pullback,2025-11-06,2025-12-01,9.15,9.17,1,16,-0.06,-0.68,-0.09,SMA50 이탈,159.0
GPRE,pullback,2025-12-01,2025-12-05,10.08,9.74,5,4,-2.15,-4.24,-0.532,SMA50 이탈,148.3
AMLX,pullback,2025-12-05,2025-12-08,14.54,13.67,5,1,-4.98,-6.83,-0.857,SMA50 이탈,186.9
LXEO,pullback,2025-12-08,2025-12-17,9.3,9.11,8,7,-2.18,-2.92,-0.367,SMA50 이탈,141.0
PTGX,pullback,2025-08-12,2026-01-05,54.07,84.18,1,100,29.49,54.29,7.21,SMA50 이탈,38.2
JMIA,pullback,2026-01-05,2026-01-20,13.12,12.02,5,10,-6.07,-9.2,-1.156,갭하락 손절,189.6
ZUMZ,pullback,2026-01-20,2026-01-21,25.62,25.27,3,1,-1.74,-2.25,-0.282,SMA50 이탈,94.6
ARWR,pullback,2025-11-06,2026-02-05,40.27,64.64,1,61,23.9,59.08,7.418,SMA50 이탈,208.7
DBI,pullback,2026-02-05,2026-02-06,7.3127,6.7033,10,1,-6.72,-9.15,-1.149,갭하락 손절,167.6
HL,pullback,2025-11-07,2026-02-12,13.5476,20.8771,4,65,18.42,33.84,4.249,SMA50 이탈,175.8
ARIS,pullback,2026-02-12,2026-02-17,19.98,18.3816,2,2,-3.54,-8.82,-1.108,손절,191.2
AXGN,pullback,2026-01-21,2026-02-24,32.2,29.62,2,23,-5.72,-8.84,-1.121,갭하락 손절,174.5
TTI,pullback,2025-11-07,2026-02-26,7.36,9.06,8,74,10.93,18.48,2.32,SMA50 이탈,155.5
PACS,pullback,2026-02-06,2026-02-27,36.96,36.51,2,14,-1.56,-2.1,-0.264,SMA50 이탈,233.7
CTMX,pullback,2026-02-26,2026-03-02,5.73,5.19,13,2,-7.66,-10.24,-1.285,갭하락 손절,189.0
EGO,pullback,2026-02-27,2026-03-03,45.8,42.136,1,2,-4.06,-8.82,-1.108,손절,87.4
GOLD,pullback,2026-03-02,2026-03-03,58.7026,54.0064,1,1,-5.2,-8.82,-1.108,손절,153.7
ELAN,pullback,2025-12-17,2026-03-05,22.55,23.92,3,52,7.94,11.68,1.467,SMA50 이탈,65.2
PDFS,pullback,2026-02-17,2026-03-06,33.43,31.28,1,13,-2.44,-7.27,-0.913,SMA50 이탈,76.4
GILT,pullback,2026-03-03,2026-03-06,16.92,16.14,3,3,-2.79,-5.46,-0.686,SMA50 이탈,81.2
ARIS,pullback,2026-03-05,2026-03-06,20.72,19.0,3,1,-5.7,-9.12,-1.145,갭하락 손절,144.4
DBVT,pullback,2026-03-03,2026-03-11,21.74,20.0008,3,6,-5.78,-8.82,-1.108,손절,144.6
MYE,pullback,2026-03-06,2026-03-11,22.0752,20.3092,2,3,-3.91,-8.82,-1.108,손절,41.2
SEPN,pullback,2026-03-09,2026-03-11,28.79,26.4868,1,2,-2.55,-8.82,-1.108,손절,103.8
INVX,pullback,2026-03-06,2026-03-12,26.89,24.7388,2,4,-4.77,-8.82,-1.108,손절,62.1
ALMS,pullback,2026-03-11,2026-03-12,28.1,25.852,2,1,-4.98,-8.82,-1.108,손절,550.5
SVM,pullback,2026-03-11,2026-03-13,11.9574,11.0008,5,2,-5.3,-8.82,-1.108,손절,147.7
IAG,pullback,2026-03-11,2026-03-13,21.77,20.1465,1,2,-1.81,-8.29,-1.116,손절,120.3
CNX,pullback,2026-03-13,2026-03-23,40.99,39.3624,1,6,-1.99,-4.83,-1.222,손절,40.4
MAZE,pullback,2026-02-24,2026-03-25,45.91,40.0,1,21,-6.3,-13.65,-1.714,갭하락 손절,244.2
OIS,pullback,2026-03-24,2026-03-30,12.0,11.4048,3,4,-2.1,-5.81,-1.177,손절,121.3
BTU,pullback,2026-03-12,2026-03-31,34.7727,32.7453,1,13,-2.33,-6.67,-0.838,SMA50 이탈,87.5
SD,pullback,2026-03-16,2026-03-31,16.2153,15.8262,3,11,-1.6,-3.27,-0.565,SMA50 이탈,49.3
FIGS,pullback,2026-03-25,2026-04-02,15.45,14.214,2,6,-2.74,-8.82,-1.108,손절,122.0
RIG,pullback,2026-03-12,2026-04-14,6.27,6.17,9,22,-1.4,-2.48,-0.326,SMA50 이탈,101.0
LBRT,pullback,2026-04-14,2026-04-15,27.6864,27.5772,2,1,-0.72,-1.29,-0.265,SMA50 이탈,123.7
CGAU,pullback,2026-04-02,2026-04-21,17.1868,18.2013,2,12,3.44,9.96,1.25,SMA50 이탈,72.0
CGEM,pullback,2026-04-01,2026-04-22,14.3,13.84,2,14,-1.17,-4.08,-0.513,SMA50 이탈,138.0
TYRA,pullback,2026-04-22,2026-04-28,37.44,35.06,1,4,-2.71,-7.2,-0.904,SMA50 이탈,153.0
TENX,pullback,2026-04-28,2026-04-29,15.05,13.846,2,1,-2.67,-8.82,-1.108,손절,106.1
AGRO,pullback,2026-04-29,2026-05-12,13.779,12.46,2,9,-2.87,-10.38,-1.304,갭하락 손절,75.4
BCAX,pullback,2026-03-31,2026-05-13,19.41,20.99,2,30,4.32,11.07,1.389,SMA50 이탈,62.6
CAPR,pullback,2026-05-12,2026-05-13,31.58,30.33,1,1,-1.53,-4.82,-0.605,SMA50 이탈,408.0
ZTO,pullback,2026-03-31,2026-05-14,23.8097,23.87,2,31,-0.31,-0.65,-0.133,SMA50 이탈,25.9
ALMS,pullback,2026-05-14,2026-05-15,24.32,22.55,2,1,-3.96,-8.11,-1.133,갭하락 손절,392.3
ELVN,pullback,2026-05-13,2026-05-18,42.24,38.9516,1,3,-3.65,-8.61,-1.111,손절,139.9
NEXA,pullback,2026-05-15,2026-05-19,14.886,13.6951,3,2,-3.96,-8.82,-1.108,손절,180.0
GPRE,pullback,2026-05-18,2026-05-19,17.31,16.2,2,1,-2.52,-7.25,-0.913,SMA50 이탈,75.4
AGRO,pullback,2026-05-19,2026-05-20,13.58,13.32,3,1,-1.14,-2.79,-0.351,SMA50 이탈,77.7
OBE,pullback,2026-05-13,2026-05-22,13.23,12.1716,3,7,-3.52,-8.82,-1.108,손절,124.6
SSL,pullback,2026-04-21,2026-05-27,12.45,12.51,5,25,2.83,4.53,0.702,SMA50 이탈,114.8
AXGN,pullback,2026-05-20,2026-05-27,43.01,39.5692,1,4,-3.81,-8.82,-1.108,손절,81.3
EZPW,pullback,2026-05-19,2026-05-29,33.09,31.4424,1,7,-1.94,-5.83,-1.176,손절,91.7
ALM,pullback,2026-05-27,2026-06-01,19.27,19.05,2,3,-0.78,-2.03,-0.255,SMA50 이탈,249.9
ADTN,pullback,2026-05-27,2026-06-05,16.79,15.4468,2,7,-2.98,-8.82,-1.108,손절,122.8
NEXA,pullback,2026-05-29,2026-06-05,14.7474,13.5676,2,5,-2.61,-8.82,-1.108,손절,138.6
LINC,pullback,2026-06-05,2026-06-08,50.6,46.552,1,1,-4.49,-8.82,-1.108,손절,133.1
LPG,pullback,2026-06-08,2026-06-18,41.5329,38.5519,1,8,-3.34,-8.01,-1.121,손절,74.3
ASX,pullback,2026-05-22,2026-07-20,34.7504,36.9,1,38,1.83,5.23,0.657,SMA50 이탈,130.3
FNKO,pullback,2026-06-05,2026-08-06,5.25,5.28,2,42,0.77,7.32,0.919,SMA50 이탈,67.9
DFTX,pullback,2026-08-06,2026-08-11,44.39,40.8388,1,3,-3.93,-8.82,-1.108,손절,148.0
ATEX,pullback,2026-04-15,2026-08-12,38.24,88.8,1,82,49.99,130.14,16.34,SMA50 이탈,80.8
ACHC,pullback,2026-08-11,2026-08-18,31.69,29.1548,1,5,-2.81,-8.82,-1.108,손절,137.7
DFTX,pullback,2026-08-18,2026-08-24,45.34,41.7128,1,4,-4.02,-8.82,-1.108,손절,187.4
CBL,pullback,2026-08-12,2026-08-28,56.87,55.04,1,12,-2.33,-4.08,-0.675,SMA50 이탈,61.0
GHRS,pullback,2026-06-22,2026-08-31,22.85,26.98,1,49,3.91,17.02,2.137,SMA50 이탈,75.7
PRAA,pullback,2026-08-24,2026-09-01,19.88,18.2896,3,6,-5.29,-8.82,-1.108,손절,81.6
TENB,pullback,2026-08-28,2026-09-01,37.49,35.47,1,2,-2.35,-6.24,-0.783,SMA50 이탈,94.1
MGTX,pullback,2026-09-02,2026-09-08,14.48,13.3216,4,3,-5.13,-8.82,-1.108,손절,91.0
CADL,pullback,2026-06-01,2026-09-09,8.3,12.17,5,69,13.83,33.17,4.165,백테스트 종료,85.7
PLSE,pullback,2026-07-20,2026-09-09,28.66,52.97,2,36,28.25,49.06,6.161,백테스트 종료,100.6
PUBM,pullback,2026-08-31,2026-09-09,16.81,16.18,3,6,-2.34,-4.61,-0.587,백테스트 종료,107.7
SGMT,pullback,2026-09-02,2026-09-09,10.51,10.86,4,4,1.02,2.4,0.385,백테스트 종료,86.8
PAYS,pullback,2026-09-08,2026-09-09,13.51,13.03,4,1,-2.4,-4.42,-0.555,백테스트 종료,253.9
