ticker,setup,entry_date,exit_date,entry,exit,qty,days,pnl,pnl_pct,r,reason,m_box_days,m_box_range,m_runup,m_pick_rank
NEM,breakout,2016-03-01,2016-03-07,20.5838,20.5838,17,4,-4.95,-1.41,-0.255,손절,11,14.186835289001465,62.616859436035156,1
FSM,breakout,2016-03-04,2016-03-15,3.65,3.65,95,7,10.74,3.08,0.427,손절,10,9.939765930175781,82.50000762939453,1
MITK,breakout,2016-03-08,2016-03-17,5.84,5.84,59,7,4.07,1.17,0.174,손절,10,14.734768867492676,45.56962203979492,1
B,breakout,2016-03-16,2016-03-22,12.0425,12.0425,29,4,-4.39,-1.25,-0.217,손절,14,17.088592529296875,98.2168197631836,1
ALRM,breakout,2016-03-29,2016-04-05,22.63,22.63,15,5,1.64,0.48,0.084,손절,14,10.331034660339355,66.21428680419922,1
MITK,breakout,2016-03-31,2016-04-06,6.6,6.6,54,4,-2.94,-0.82,-0.138,손절,11,13.597249984741211,62.121212005615234,1
FSM,breakout,2016-04-05,2016-05-04,4.09,5.75,86,21,75.6,21.4,3.332,SMA10 이탈,11,12.672174453735352,115.00000762939453,1
CDE,breakout,2016-04-07,2016-05-04,5.8934,7.3817,59,19,64.3,18.41,2.68,SMA10 이탈,11,14.368927001953125,245.34886169433594,1
PAAS,breakout,2016-04-08,2016-05-04,10.138,12.3715,18,18,26.34,14.37,2.73,SMA10 이탈,12,14.895713806152344,98.51953887939453,1
TRGP,breakout,2016-05-16,2016-05-20,27.9587,27.6882,15,4,-7.81,-1.85,-0.309,갭하락 손절,10,16.376293182373047,59.91960906982422,1
CC,breakout,2016-05-18,2016-05-20,7.5374,7.0332,56,2,-31.9,-7.52,-1.13,손절,10,13.614559173583984,77.51382446289062,1
SM,breakout,2016-05-26,2016-06-02,28.3807,27.3049,14,4,-14.0,-3.51,-0.438,갭하락 손절,19,19.494009017944336,288.0683288574219,1
SM,breakout,2016-06-03,2016-06-09,28.7568,28.6343,14,4,-0.09,-0.02,-0.003,갭하락 손절,24,22.321414947509766,288.0683288574219,1
LFVN,breakout,2016-06-06,2016-06-13,11.8826,11.8826,34,5,4.43,1.09,0.182,손절,12,16.13975715637207,57.802772521972656,1
SSRM,breakout,2016-06-08,2016-06-15,10.5545,10.5545,19,5,1.04,0.52,0.083,손절,14,23.776233673095703,91.98477172851562,1
RYZ,breakout,2016-06-21,2016-06-27,14.1088,13.4034,29,4,-19.26,-4.68,-0.761,갭하락 손절,10,17.04461669921875,197.9361572265625,1
BVN,breakout,2016-07-06,2016-07-12,11.3983,11.3983,35,4,4.06,1.01,0.17,손절,16,24.011898040771484,52.741539001464844,1
RYZ,breakout,2016-07-18,2016-07-19,17.3186,16.3178,24,1,-27.65,-6.62,-1.151,손절,10,17.32379150390625,102.76546478271484,1
EZPW,breakout,2016-06-30,2016-07-20,7.5,9.32,53,13,48.96,12.26,2.342,SMA10 이탈,16,19.808303833007812,100.0,1
CLF,breakout,2016-07-27,2016-07-28,7.8595,7.3252,52,1,-31.34,-7.63,-1.128,손절,10,22.390317916870117,173.646240234375,1
AG,breakout,2016-08-02,2016-08-08,17.9645,17.5112,22,4,-12.84,-3.23,-0.596,갭하락 손절,13,24.10224723815918,71.20161437988281,1
NVRI,breakout,2016-08-08,2016-08-12,11.0,10.77,36,4,-11.45,-2.88,-0.534,갭하락 손절,11,18.790494918823242,72.63338470458984,1
CHRS,breakout,2016-08-05,2016-08-16,28.35,29.16,13,7,6.45,1.74,0.236,SMA10 이탈,10,22.409332275390625,90.07142639160156,1
AMD,breakout,2016-08-18,2016-08-31,6.98,7.4,55,9,27.07,7.02,1.351,SMA10 이탈,16,13.495933532714844,75.92137145996094,1
PBYI,breakout,2016-08-22,2016-09-02,52.41,57.48,7,9,29.92,8.12,1.426,SMA10 이탈,14,17.169689178466797,84.2981185913086,1
CC,breakout,2016-09-02,2016-09-09,9.8243,9.594,42,4,-10.03,-2.42,-0.468,갭하락 손절,12,13.372087478637695,115.25471496582031,1
SCYX,breakout,2016-09-09,2016-09-13,252.0,230.7936,1,2,-23.38,-9.24,-1.102,손절,10,20.229005813598633,89.6551742553711,1
PBYI,breakout,2016-09-13,2016-09-14,63.98,60.263,6,1,-25.66,-6.65,-1.15,손절,12,16.26385498046875,124.57266235351562,1
NERV,breakout,2016-09-15,2016-09-26,109.2,109.2,3,7,8.68,2.64,0.478,손절,16,17.167377471923828,46.05543518066406,1
ONIT,breakout,2016-09-30,2016-10-07,55.35,55.35,7,5,15.03,3.86,0.708,손절,20,16.03772735595703,154.79452514648438,1
BZUN,breakout,2016-10-05,2016-10-13,16.62,16.62,24,6,18.87,4.71,0.756,손절,11,14.226806640625,132.99269104003906,1
ONIT,breakout,2016-11-17,2016-11-23,75.15,75.15,5,4,-0.99,-0.26,-0.04,손절,13,20.43268585205078,41.82389831542969,1
ONIT,breakout,2016-11-28,2016-11-29,78.15,74.2347,5,1,-23.01,-5.86,-1.175,손절,10,14.822996139526367,51.818180084228516,1
EXEL,breakout,2016-12-02,2016-12-07,17.39,16.61,22,3,-20.53,-5.34,-0.832,SMA10 이탈,12,12.483823776245117,69.32270812988281,1
ARCB,breakout,2016-12-05,2016-12-12,29.2868,29.2868,13,5,7.98,2.09,0.4,손절,12,13.333332061767578,63.19339370727539,1
SXC,breakout,2016-12-07,2016-12-12,9.1058,8.6126,42,3,-24.06,-6.26,-1.162,손절,14,15.168058395385742,94.10860443115234,1
CXW,breakout,2016-12-08,2016-12-15,18.3101,18.3101,10,5,1.24,0.68,0.119,손절,10,14.153122901916504,75.59660339355469,1
ASIX,breakout,2016-12-19,2016-12-20,20.457,19.2274,18,1,-25.35,-6.85,-1.32,갭하락 손절,15,20.987642288208008,48.613155364990234,1
IONS,breakout,2016-12-15,2016-12-29,48.48,48.48,7,9,10.64,3.12,0.564,손절,20,19.203353881835938,97.72171783447266,1
ONIT,breakout,2017-01-04,2017-01-09,89.1,84.3773,4,3,-22.01,-6.15,-1.165,손절,15,15.339803695678711,75.71428680419922,1
BCRX,breakout,2017-01-06,2017-01-09,7.2,6.6876,50,1,-28.74,-7.95,-1.122,손절,11,17.073165893554688,101.60000610351562,1
WTI,breakout,2017-01-09,2017-01-13,3.053,3.053,113,4,-0.46,-0.13,-0.015,갭하락 손절,11,24.806224822998047,164.88546752929688,1
AAOI,breakout,2017-02-06,2017-02-08,32.68,30.8827,10,2,-20.83,-6.35,-1.159,손절,12,11.156463623046875,44.469844818115234,1
ASMB,breakout,2017-02-07,2017-02-13,250.8,236.52,1,4,-16.47,-6.54,-1.015,갭하락 손절,12,15.982234954833984,76.06143951416016,1
AMD,breakout,2017-02-28,2017-03-01,15.45,14.6434,23,1,-21.67,-6.07,-1.168,손절,13,21.825397491455078,51.4862060546875,1
AAOI,breakout,2017-02-10,2017-03-14,32.79,48.19,10,21,89.53,27.18,5.014,SMA10 이탈,12,11.530613899230957,48.811710357666016,1
HCM,breakout,2017-03-30,2017-04-04,20.91,19.3525,18,3,-31.3,-8.28,-1.116,손절,10,13.027024269104004,72.50397491455078,1
RH,breakout,2017-03-23,2017-04-18,37.2,46.72,9,17,47.56,14.14,2.703,SMA10 이탈,10,13.761472702026367,39.12331008911133,1
MOMO,breakout,2017-04-10,2017-04-26,21.9301,21.9301,17,11,6.3,1.68,0.308,손절,14,15.924382209777832,66.09382629394531,1
FLNT,breakout,2017-05-11,2017-05-17,35.1,33.6,10,4,-16.6,-4.71,-0.706,갭하락 손절,19,21.875,87.30159759521484,1
MITK,breakout,2017-05-16,2017-05-19,9.0,8.5404,38,3,-20.46,-5.96,-1.172,손절,10,11.80124282836914,55.75221633911133,1
UPLD,breakout,2017-05-15,2017-05-26,216.3,223.4,1,9,5.12,2.36,0.42,SMA10 이탈,11,19.568824768066406,78.42144775390625,1
UPLD,breakout,2017-06-02,2017-06-05,242.0,229.4582,1,1,-14.66,-6.03,-1.169,손절,12,16.795372009277344,69.49153137207031,1
PVLA,breakout,2017-05-25,2017-06-06,342.4,356.8,1,7,11.25,3.27,0.368,SMA10 이탈,10,18.232036590576172,84.51326751708984,1
PI,breakout,2017-06-09,2017-06-12,49.69,42.0,7,1,-56.72,-16.23,-3.03,갭하락 손절,10,15.558135986328125,70.92857360839844,1
PI,breakout,2017-06-16,2017-06-27,49.8,53.15,6,7,21.83,7.27,1.145,SMA10 이탈,15,23.267316818237305,70.92857360839844,1
DMRC,breakout,2017-06-22,2017-06-28,39.95,39.95,8,4,0.31,0.1,0.016,손절,16,22.73426055908203,42.30768585205078,1
PBYI,breakout,2017-06-26,2017-06-30,87.85,87.0,2,4,-3.52,-2.0,-0.358,갭하락 손절,14,14.537155151367188,224.51498413085938,1
PTCT,breakout,2017-07-05,2017-07-11,19.35,18.84,17,4,-11.75,-3.56,-0.66,갭하락 손절,10,15.0416259765625,65.53990936279297,1
MRAM,breakout,2017-07-10,2017-07-18,23.32,23.32,14,6,1.38,0.42,0.042,손절,10,24.373329162597656,160.54351806640625,1
SB,breakout,2017-07-13,2017-07-20,2.0749,2.0749,161,5,0.84,0.25,0.037,손절,10,13.333332061767578,40.11299514770508,1
TRVG,breakout,2017-07-19,2017-07-20,56.5411,53.1495,5,1,-19.43,-6.84,-1.146,손절,10,16.341472625732422,47.93337631225586,1
BHC,breakout,2017-07-17,2017-07-21,17.69,17.63,9,4,-2.09,-1.31,-0.262,갭하락 손절,10,10.90909194946289,90.89957427978516,1
JKS,breakout,2017-08-08,2017-08-10,22.3406,21.1995,14,2,-18.72,-5.96,-1.172,손절,10,13.09756088256836,65.26315307617188,1
CYRX,breakout,2017-08-11,2017-08-23,7.18,7.18,43,8,10.58,3.41,0.531,손절,11,12.012481689453125,133.11688232421875,1
CSTM,breakout,2017-08-23,2017-08-29,10.45,10.2,30,4,-9.54,-3.03,-0.421,갭하락 손절,10,9.884321212768555,65.90908813476562,1
CSTM,breakout,2017-08-31,2017-09-08,10.65,10.85,29,5,11.36,3.66,0.669,SMA10 이탈,16,11.98737621307373,65.90908813476562,1
YRD,breakout,2017-09-07,2017-09-21,37.3225,38.9627,8,10,13.5,4.5,0.859,SMA10 이탈,15,15.090727806091309,78.0126724243164,1
NTLA,breakout,2017-09-18,2017-09-27,22.88,22.88,14,7,17.12,5.32,0.848,손절,10,11.284041404724121,52.10380554199219,1
CYRX,breakout,2017-09-22,2017-09-29,9.83,9.83,34,5,-1.82,-0.54,-0.082,손절,10,18.007205963134766,86.66666412353516,1
INSM,breakout,2017-10-03,2017-10-09,31.84,31.17,10,4,-8.99,-2.81,-0.475,갭하락 손절,17,16.740249633789062,173.19407653808594,1
BLFS,breakout,2017-10-10,2017-10-11,5.86,5.5213,56,1,-21.83,-6.62,-1.151,손절,14,17.20000457763672,89.42308044433594,1
CLMT,breakout,2017-09-29,2017-10-12,8.4,8.4,39,9,0.04,0.01,0.002,손절,18,13.513505935668945,127.50000762939453,1
FENG,breakout,2017-10-12,2017-10-13,10.1779,9.4819,31,1,-24.32,-7.67,-1.127,손절,15,15.329778671264648,159.84556579589844,1
NC,breakout,2017-10-18,2017-11-01,30.4081,32.5569,10,10,22.89,7.49,1.082,SMA10 이탈,11,19.808340072631836,142.34593200683594,1
CDNA,breakout,2017-11-06,2017-11-07,6.09,5.7445,51,1,-20.34,-6.52,-1.154,손절,21,14.689266204833984,403.00750732421875,1
NC,breakout,2017-11-13,2017-11-27,35.3139,35.3139,8,9,1.66,0.58,0.104,손절,14,24.177433013916016,183.41720581054688,1
GDS,breakout,2017-12-04,2017-12-05,20.51,19.4339,14,1,-17.58,-6.1,-1.167,손절,13,10.685372352600098,94.39251708984375,1
RH,breakout,2017-12-06,2017-12-12,105.94,102.73,2,4,-7.92,-3.72,-0.706,갭하락 손절,11,10.285245895385742,57.1574821472168,1
BOOT,breakout,2017-12-07,2017-12-12,15.54,14.9,19,3,-14.76,-4.98,-0.911,SMA10 이탈,10,16.40448570251465,94.30122375488281,1
SVRA,breakout,2017-12-11,2017-12-26,14.24,15.23,13,10,9.83,5.29,0.849,SMA10 이탈,10,20.797956466674805,57.324851989746094,1
NGVC,breakout,2017-12-15,2017-12-29,6.0336,6.2797,48,9,6.13,2.11,0.321,SMA10 이탈,11,13.492035865783691,69.93736267089844,1
COLL,breakout,2017-12-22,2017-12-29,18.56,18.56,16,4,1.31,0.44,0.067,손절,12,12.484848022460938,132.18646240234375,1
ARGX,breakout,2018-01-02,2018-01-04,64.25,59.4283,4,2,-21.51,-8.33,-1.115,손절,10,19.14032745361328,211.86404418945312,1
LX,breakout,2018-01-25,2018-01-31,12.5757,12.2533,22,4,-10.81,-3.89,-0.415,갭하락 손절,14,21.243488311767578,1701.9703369140625,1
BXC,breakout,2018-02-21,2018-02-22,17.54,16.12,15,1,-23.57,-8.92,-1.376,갭하락 손절,13,23.78264617919922,82.88190460205078,1
IOVA,breakout,2018-02-22,2018-02-23,18.3,16.7838,14,1,-23.44,-9.11,-1.104,손절,10,16.932905197143555,119.74523162841797,1
EGAN,breakout,2018-03-07,2018-03-09,7.99,7.8,32,2,-8.35,-3.25,-0.366,SMA10 이탈,11,14.964032173156738,75.82416534423828,1
QNST,breakout,2018-03-21,2018-03-27,14.38,14.38,17,4,-1.24,-0.51,-0.097,손절,16,17.48366355895996,68.32524871826172,1
SNDX,breakout,2018-04-03,2018-04-05,14.96,13.5359,16,2,-24.84,-10.33,-1.09,손절,10,16.783761978149414,73.88235473632812,1
RDNT,breakout,2018-04-09,2018-04-13,14.55,14.45,16,4,-3.69,-1.58,-0.312,갭하락 손절,10,9.398496627807617,46.63212203979492,1
PAR,breakout,2018-04-17,2018-04-19,14.44,13.6,10,2,-9.66,-6.66,-0.755,SMA10 이탈,10,12.7244234085083,80.46116638183594,1
ALNT,breakout,2018-04-16,2018-04-20,27.2138,26.708,8,4,-5.7,-2.61,-0.392,갭하락 손절,17,14.672136306762695,52.0655517578125,1
BXC,breakout,2018-04-12,2018-04-30,37.0,40.22,6,12,15.26,6.84,0.985,SMA10 이탈,16,22.719741821289062,209.9120635986328,1
SKY,breakout,2018-05-10,2018-05-22,26.355,27.5639,4,8,2.62,2.48,0.444,SMA10 이탈,18,17.343008041381836,36.231876373291016,1
ARWR,breakout,2018-05-08,2018-06-07,7.78,10.37,30,21,67.93,28.98,5.403,SMA10 이탈,28,24.281143188476562,69.60167694091797,1
STAA,breakout,2018-05-23,2018-06-07,27.1,29.3,10,10,17.22,6.33,1.106,SMA10 이탈,11,22.624433517456055,68.23527526855469,1
RCKT,breakout,2018-06-20,2018-06-21,22.37,20.8839,13,1,-21.85,-7.48,-1.131,손절,10,8.803510665893555,64.38727569580078,1
TLPH,breakout,2018-06-13,2018-06-22,77.0,80.0,4,7,13.16,4.25,0.695,SMA10 이탈,12,24.19355010986328,66.66666412353516,1
TNDM,breakout,2018-05-07,2018-07-02,8.27,21.395,28,39,189.62,81.52,9.549,SMA10 이탈,17,24.924480438232422,253.3333282470703,1
VNCE,breakout,2018-07-10,2018-07-11,18.0,16.87,20,1,-25.74,-7.12,-1.139,손절,12,19.52190399169922,99.76904296875,1
PI,breakout,2018-07-06,2018-07-13,23.55,23.55,15,5,0.4,0.11,0.018,손절,10,13.823091506958008,100.90753936767578,1
CRK,breakout,2018-07-11,2018-07-16,10.7499,10.2043,33,3,-21.12,-5.93,-1.173,손절,26,19.242895126342773,159.42349243164062,1
PI,breakout,2018-07-17,2018-07-23,24.52,24.52,14,4,0.12,0.03,0.006,손절,17,18.511354446411133,100.90753936767578,1
CHRS,breakout,2018-08-13,2018-08-15,19.25,18.4,18,2,-18.35,-5.27,-0.984,SMA10 이탈,10,10.000001907348633,41.007198333740234,1
NTRA,breakout,2018-08-14,2018-08-15,26.07,24.586,13,1,-22.26,-6.54,-1.154,손절,15,17.43242645263672,113.75665283203125,1
RFIL,breakout,2018-08-20,2018-08-30,10.9086,10.9086,30,8,12.39,3.77,0.583,손절,12,14.948474884033203,93.11099243164062,1
CVNA,breakout,2018-08-28,2018-09-05,12.6,12.6,26,5,1.56,0.47,0.084,손절,12,24.863506317138672,56.35451126098633,1
INSP,breakout,2018-09-04,2018-09-06,55.432,53.61,6,2,-13.88,-4.15,-0.775,SMA10 이탈,11,12.233245849609375,59.1496696472168,1
PACB,breakout,2018-08-29,2018-09-07,4.53,4.61,38,6,8.66,5.01,0.787,SMA10 이탈,10,11.576366424560547,37.837852478027344,1
TNDM,breakout,2018-09-13,2018-09-17,49.27,45.7835,6,2,-23.49,-7.91,-1.123,손절,10,20.039440155029297,111.3047866821289,1
BOC,breakout,2018-09-27,2018-09-28,31.39,29.25,5,1,-12.06,-7.65,-1.129,갭하락 손절,11,11.907302856445312,58.457576751708984,1
CDNA,breakout,2018-09-26,2018-10-02,28.46,27.94,11,4,-8.51,-2.71,-0.406,갭하락 손절,11,23.739124298095703,132.44723510742188,1
LGO,breakout,2018-09-17,2018-10-09,22.3,27.0,14,16,33.43,10.66,1.711,SMA10 이탈,17,17.368412017822266,105.50458526611328,1
GOGO,breakout,2018-10-16,2018-10-22,5.93,5.93,55,4,-0.98,-0.3,-0.055,손절,16,17.425739288330078,62.8169059753418,1
ACAD,breakout,2018-10-19,2018-10-22,23.2,21.7734,14,1,-22.81,-6.99,-1.142,손절,15,18.0661678314209,74.00154876708984,1
GOGO,breakout,2018-10-22,2018-10-23,6.52,6.0,48,1,-27.66,-8.8,-1.444,갭하락 손절,11,22.55638885498047,54.22626876831055,1
IDT,breakout,2018-11-12,2018-11-13,8.1023,7.6342,37,1,-19.94,-6.62,-1.151,손절,20,19.610774993896484,59.44883728027344,1
VCEL,breakout,2018-11-26,2018-11-27,17.32,16.129,16,1,-21.46,-7.71,-1.126,손절,10,11.814069747924805,66.60323333740234,1
VCEL,breakout,2018-12-03,2018-12-07,17.9,16.93,15,3,-16.9,-6.27,-0.932,SMA10 이탈,15,15.558422088623047,66.60323333740234,1
FLNT,breakout,2018-12-07,2018-12-13,23.52,22.44,11,4,-9.5,-3.65,-0.454,갭하락 손절,14,16.666675567626953,95.3846206665039,1
ADEA,breakout,2018-12-28,2019-01-04,6.2665,6.2433,42,4,-5.35,-2.03,-0.377,갭하락 손절,11,14.268755912780762,64.8115005493164,1
EHTH,breakout,2019-01-09,2019-01-10,41.85,39.5818,3,1,-7.9,-6.27,-1.162,손절,23,22.943592071533203,49.94474792480469,1
LOMA,breakout,2019-01-08,2019-01-17,7.663,7.9771,34,7,14.49,5.54,1.041,SMA10 이탈,32,23.263168334960938,59.731529235839844,1
ADEA,breakout,2019-01-04,2019-01-22,6.3861,6.8078,41,11,16.58,6.3,1.151,SMA10 이탈,15,16.448747634887695,64.8115005493164,1
FLNT,breakout,2019-01-24,2019-01-28,28.44,26.82,9,2,-16.82,-6.54,-1.027,SMA10 이탈,11,17.037046432495117,86.93877410888672,1
DOMO,breakout,2019-01-31,2019-02-06,27.53,27.35,9,4,-3.4,-1.37,-0.212,갭하락 손절,11,22.165525436401367,78.23795318603516,1
VCYT,breakout,2019-02-01,2019-02-07,18.25,18.25,14,4,1.32,0.52,0.09,손절,14,18.660593032836914,54.96504211425781,1
INSM,breakout,2019-02-05,2019-02-11,24.96,24.96,5,4,-1.24,-0.99,-0.154,손절,10,13.09469985961914,119.62864685058594,1
EHTH,breakout,2019-02-21,2019-02-22,67.44,63.9656,4,1,-16.26,-6.0,-1.17,손절,10,20.66897201538086,90.39363861083984,1
DOMO,breakout,2019-02-08,2019-03-05,28.75,32.25,9,16,16.92,6.51,1.051,SMA10 이탈,12,16.020977020263672,107.30421447753906,1
SE,breakout,2019-03-21,2019-03-25,24.66,23.2194,10,2,-16.56,-6.69,-1.15,손절,11,11.38211441040039,131.27874755859375,1
LXFR,breakout,2019-04-03,2019-04-09,19.8575,19.4288,12,4,-7.31,-3.05,-0.585,갭하락 손절,13,16.88547134399414,36.8718147277832,1
VYGR,breakout,2019-04-01,2019-04-12,19.8,20.66,13,9,9.89,3.82,0.614,SMA10 이탈,10,13.858545303344727,155.54122924804688,1
FLNT,breakout,2019-04-09,2019-04-15,37.56,37.44,6,4,-2.75,-1.21,-0.181,갭하락 손절,12,15.073537826538086,53.01205062866211,1
WRAP,breakout,2019-04-11,2019-04-23,7.33,7.33,20,7,1.37,0.93,0.12,손절,15,22.61307144165039,122.57051086425781,1
YETI,breakout,2019-04-26,2019-05-02,34.33,32.15,7,4,-10.31,-4.27,-0.739,갭하락 손절,19,23.267507553100586,110.9681396484375,1
SNDX,breakout,2019-04-29,2019-05-03,7.15,6.98,36,4,-9.84,-3.81,-0.504,갭하락 손절,10,20.370376586914062,59.73451232910156,1
ACMR,breakout,2019-05-14,2019-05-16,6.5,6.3133,38,2,-9.28,-3.74,-0.532,SMA10 이탈,15,23.41771125793457,82.15963745117188,1
SVRA,breakout,2019-05-17,2019-05-20,11.835,11.1074,20,1,-16.62,-6.99,-1.142,손절,13,13.743400573730469,69.12850189208984,1
DMRC,breakout,2019-05-28,2019-05-30,65.91,59.64,3,2,-20.5,-10.32,-1.155,갭하락 손절,12,23.127233505249023,126.33505249023438,1
ENPH,breakout,2019-05-29,2019-05-30,15.94,15.1398,14,1,-13.16,-5.87,-1.175,손절,13,20.849132537841797,67.09451293945312,1
EVER,breakout,2019-06-06,2019-06-19,11.59,12.04,18,9,10.22,4.88,0.692,SMA10 이탈,15,11.657035827636719,65.70299530029297,1
CYRX,breakout,2019-06-17,2019-06-20,18.62,17.73,12,3,-12.64,-5.63,-1.05,SMA10 이탈,13,15.222776412963867,53.76517868041992,1
EHTH,breakout,2019-06-21,2019-06-26,81.73,77.6344,2,3,-9.63,-5.86,-1.175,손절,11,21.153282165527344,53.039241790771484,1
BMA,breakout,2019-06-28,2019-07-05,51.8804,51.8804,4,4,-0.27,-0.13,-0.025,손절,11,14.150369644165039,94.24832916259766,1
OESX,breakout,2019-07-02,2019-07-08,31.5,28.8492,3,3,-8.77,-9.24,-1.102,손절,13,21.15384292602539,134.0908966064453,1
BMA,breakout,2019-07-09,2019-07-12,54.3352,52.6126,3,3,-6.61,-4.04,-0.792,SMA10 이탈,17,19.55147933959961,94.24832916259766,1
IIPR,breakout,2019-07-10,2019-07-12,79.401,73.6341,1,2,-6.46,-8.09,-1.119,손절,12,16.29907989501953,75.0031967163086,1
EVER,breakout,2019-06-27,2019-07-15,12.9,13.67,16,11,10.57,5.1,0.939,SMA10 이탈,11,8.403360366821289,60.95890808105469,1
IOVA,breakout,2019-07-18,2019-07-25,25.44,25.44,8,5,0.4,0.19,0.037,손절,12,10.56063175201416,151.2315216064453,1
KOD,breakout,2019-07-22,2019-07-25,14.88,13.9251,14,3,-15.18,-7.26,-1.136,손절,10,16.797494888305664,90.0277099609375,1
AXSM,breakout,2019-07-29,2019-07-30,28.17,26.33,7,1,-14.6,-7.37,-1.375,갭하락 손절,15,15.540826797485352,50.45673751831055,1
LOOP,breakout,2019-08-02,2019-08-07,13.38,12.83,14,3,-9.35,-4.97,-0.691,SMA10 이탈,16,24.34943962097168,128.2419891357422,1
EGO,breakout,2019-08-06,2019-08-07,8.771,8.3127,21,1,-11.24,-6.07,-1.168,손절,10,21.48756980895996,160.98361206054688,1
AG,breakout,2019-08-12,2019-08-13,10.8102,10.2167,17,1,-11.7,-6.34,-1.159,손절,12,22.433042526245117,89.59858703613281,1
HBIO,breakout,2019-08-13,2019-08-14,26.8,24.7555,7,1,-15.94,-8.46,-1.113,손절,11,20.179367065429688,82.11920166015625,1
CRWD,breakout,2019-08-19,2019-08-22,25.125,23.2949,7,3,-14.34,-8.11,-1.119,손절,13,22.18844985961914,71.76786804199219,1
ENPH,breakout,2019-08-27,2019-08-28,35.11,32.77,5,1,-13.23,-7.5,-1.172,갭하락 손절,11,20.198572158813477,103.09598541259766,1
PERI,breakout,2019-08-07,2019-09-03,4.72,6.36,38,18,42.46,23.57,3.446,SMA10 이탈,10,12.918663024902344,63.76811218261719,1
QMCO,breakout,2019-09-04,2019-09-06,122.8,118.4,1,2,-5.49,-4.45,-0.626,SMA10 이탈,11,13.493537902832031,126.92308044433594,1
PLMR,breakout,2019-09-23,2019-09-24,37.8084,35.8222,4,1,-9.27,-6.1,-1.167,손절,23,16.48757553100586,68.0140609741211,1
LOOP,breakout,2019-09-16,2019-09-25,15.71,15.71,11,7,6.99,4.02,0.752,손절,10,14.005804061889648,38.67924118041992,1
GOTU,breakout,2019-09-24,2019-09-30,14.65,14.65,12,4,0.63,0.36,0.059,손절,21,24.999988555908203,98.6410140991211,1
CYH,breakout,2019-10-07,2019-10-14,3.9,3.9,44,5,-0.89,-0.51,-0.072,손절,15,13.043475151062012,120.6703872680664,1
CYH,breakout,2019-10-15,2019-10-25,4.14,4.14,42,8,-0.94,-0.54,-0.091,손절,21,19.99999237060547,120.6703872680664,1
VNCE,breakout,2019-10-11,2019-10-28,20.45,21.79,8,11,7.65,4.65,0.704,SMA10 이탈,10,16.106998443603516,80.32786560058594,1
ASUR,breakout,2019-10-28,2019-11-01,9.07,9.0,19,4,-2.48,-1.43,-0.275,갭하락 손절,10,9.939384460449219,54.21487045288086,1
RIGL,breakout,2019-11-12,2019-11-18,23.6,23.5,7,4,-2.58,-1.56,-0.195,갭하락 손절,10,16.831684112548828,48.076927185058594,1
GOSS,breakout,2019-11-20,2019-11-26,24.85,24.77,7,4,-0.97,-0.55,-0.089,갭하락 손절,10,21.63485336303711,59.90338134765625,1
COLL,breakout,2019-11-25,2019-12-05,19.81,20.28,9,7,8.38,4.68,0.775,SMA10 이탈,10,11.920892715454102,91.75059509277344,1
CWH,breakout,2019-12-04,2019-12-10,9.0225,9.0225,19,4,0.6,0.35,0.056,손절,10,8.620702743530273,61.153839111328125,1
ARWR,breakout,2019-11-11,2019-12-12,42.29,67.32,4,22,60.68,35.71,7.123,SMA10 이탈,12,16.24518585205078,54.370426177978516,1
AUPH,breakout,2019-12-26,2020-01-02,20.63,20.36,10,4,-5.04,-2.43,-0.292,갭하락 손절,10,21.926712036132812,380.3844909667969,1
IMVT,breakout,2020-01-10,2020-01-16,17.49,16.99,11,4,-7.8,-4.04,-0.445,갭하락 손절,10,19.20574951171875,65.65454864501953,1
SCOR,breakout,2020-01-17,2020-01-24,107.0,104.0,1,4,-3.95,-3.67,-0.597,갭하락 손절,19,17.324565887451172,183.85415649414062,1
ARVN,breakout,2020-01-08,2020-01-30,44.97,49.93,4,15,11.78,6.52,1.133,SMA10 이탈,16,15.307701110839844,192.03424072265625,1
APPN,breakout,2020-02-05,2020-02-06,55.89,52.9059,3,1,-10.42,-6.19,-1.164,손절,11,18.280719757080078,52.698673248291016,1
KNSA,breakout,2020-02-04,2020-02-25,15.89,17.81,12,14,14.23,7.43,1.028,SMA10 이탈,11,13.386619567871094,154.52227783203125,1
PLUG,breakout,2020-02-11,2020-02-25,4.45,4.83,46,9,6.17,3.0,0.455,SMA10 이탈,14,21.369850158691406,64.72727966308594,1
CYH,breakout,2020-02-19,2020-02-27,4.9,5.1,40,6,24.52,12.45,1.979,SMA10 이탈,12,18.932044982910156,107.7586441040039,1
KNSA,breakout,2020-03-06,2020-03-09,19.892,18.7638,11,1,-14.32,-6.52,-1.154,손절,10,15.920745849609375,81.40187072753906,1
OSUR,breakout,2020-05-08,2020-05-14,16.89,16.29,12,4,-8.04,-3.95,-0.473,갭하락 손절,10,16.00273895263672,204.5889129638672,1
PTGX,breakout,2020-05-28,2020-06-03,17.23,16.7,12,4,-7.77,-3.74,-0.376,갭하락 손절,10,15.1353120803833,226.99996948242188,1
VMD,breakout,2020-06-04,2020-06-11,8.87,8.87,23,5,6.17,3.01,0.445,손절,11,19.22042465209961,134.94320678710938,1
RVP,breakout,2020-06-17,2020-06-22,6.95,6.3757,30,3,-19.03,-9.08,-1.104,손절,10,16.92308235168457,420.3251953125,1
CVNA,breakout,2020-06-23,2020-06-24,25.864,24.0021,7,1,-14.6,-8.03,-1.121,손절,10,21.839082717895508,104.4107666015625,1
ACTG,breakout,2020-07-02,2020-07-06,4.25,4.0,45,1,-12.92,-6.73,-0.923,SMA10 이탈,15,13.94101333618164,92.82511138916016,1
CABA,breakout,2020-07-17,2020-07-23,12.26,12.26,15,4,2.8,1.52,0.153,손절,12,15.660369873046875,100.0630111694336,1
ONEW,breakout,2020-07-27,2020-07-31,24.9053,24.9053,7,4,0.83,0.48,0.06,손절,15,24.670351028442383,174.08535766601562,1
CWH,breakout,2020-08-03,2020-08-06,29.362,26.9267,6,3,-16.13,-9.12,-1.104,손절,10,15.343915939331055,102.28691101074219,1
ALDX,breakout,2020-08-05,2020-08-11,7.15,6.91,16,4,-5.01,-4.36,-0.438,갭하락 손절,12,18.968379974365234,85.1851806640625,1
FVRR,breakout,2020-07-29,2020-08-12,91.06,105.13,2,10,23.43,12.81,1.912,SMA10 이탈,11,20.37012481689453,67.61904907226562,1
VIR,breakout,2020-08-12,2020-08-18,54.005,53.79,3,4,-2.48,-1.52,-0.25,갭하락 손절,16,19.242656707763672,80.67311096191406,1
RUN,breakout,2020-08-24,2020-09-03,49.42,51.15,3,8,5.72,3.84,0.51,SMA10 이탈,11,17.877161026000977,192.72727966308594,1
CZR,breakout,2020-09-15,2020-09-21,56.26,53.61,3,4,-4.28,-2.52,-0.418,갭하락 손절,10,24.038183212280273,70.92223358154297,1
FTK,breakout,2020-09-22,2020-09-24,16.74,15.2384,11,2,-18.1,-9.79,-1.096,손절,10,16.736400604248047,128.57144165039062,1
GOLD,breakout,2020-10-09,2020-10-15,14.155,14.155,6,4,0.33,0.39,0.057,손절,13,19.61561393737793,71.1441421508789,1
NVCR,breakout,2020-10-05,2020-10-19,115.67,132.34,1,10,15.55,13.39,2.543,SMA10 이탈,10,15.519821166992188,70.9751968383789,1
FVRR,breakout,2020-09-29,2020-10-21,143.84,160.54,1,16,15.33,10.61,1.303,SMA10 이탈,11,24.28928565979004,72.04541015625,1
NFE,breakout,2020-10-20,2020-10-26,45.9672,43.7909,4,4,-8.76,-4.74,-0.798,갭하락 손절,10,17.18326759338379,96.23348999023438,1
DMRC,breakout,2020-10-23,2020-10-28,32.38,29.2401,5,3,-17.09,-10.51,-1.088,손절,10,14.014089584350586,131.031982421875,1
DMRC,breakout,2020-10-29,2020-11-04,33.02,32.15,5,4,-5.26,-3.17,-0.368,갭하락 손절,14,16.267608642578125,131.031982421875,1
IMVT,breakout,2020-10-30,2020-11-19,43.6,48.48,4,14,18.18,10.38,1.883,SMA10 이탈,12,11.22448444366455,63.103187561035156,1
KTB,breakout,2020-11-18,2020-11-30,33.6281,33.9048,5,7,2.83,1.67,0.294,SMA10 이탈,10,24.97735023498535,66.52819061279297,1
CRDF,breakout,2020-11-23,2020-12-03,18.66,20.51,10,7,23.76,12.67,1.44,SMA10 이탈,10,19.615375518798828,244.90907287597656,1
LE,breakout,2020-12-02,2020-12-03,25.58,22.01,8,1,-30.27,-14.73,-1.959,갭하락 손절,10,23.277103424072266,89.75408935546875,1
CPS,breakout,2020-12-04,2020-12-10,40.55,38.13,4,4,-9.48,-5.82,-0.647,갭하락 손절,10,19.899463653564453,234.26516723632812,1
FOSL,breakout,2020-12-08,2020-12-14,12.68,12.68,14,4,2.65,1.49,0.149,손절,10,20.992374420166016,122.62773132324219,1
KOD,breakout,2020-12-18,2020-12-29,140.99,140.99,1,6,-1.27,-0.9,-0.122,손절,18,20.391094207763672,162.9259033203125,1
KNTK,breakout,2021-01-05,2021-01-08,16.1645,14.9878,12,3,-15.8,-8.11,-1.119,손절,19,17.6154727935791,439.6187744140625,1
ARVN,breakout,2021-01-14,2021-01-21,88.42,88.27,2,4,-1.66,-0.94,-0.112,갭하락 손절,11,13.782012939453125,321.6585693359375,1
CELH,breakout,2020-12-16,2021-01-25,12.7133,20.9733,14,25,63.32,35.42,5.073,SMA10 이탈,10,12.940478324890137,91.49154663085938,1
KNTK,breakout,2021-02-05,2021-02-10,17.6363,16.7288,11,3,-11.68,-6.0,-1.17,손절,12,20.087360382080078,49.91669464111328,1
VERI,breakout,2021-02-04,2021-02-12,45.0,45.0,4,6,6.01,3.32,0.334,손절,10,21.618343353271484,201.66552734375,1
GSM,breakout,2021-02-22,2021-02-23,3.3482,3.0134,60,1,-21.81,-10.81,-1.085,손절,12,20.13889503479004,203.37838745117188,1
CHRD,breakout,2021-02-24,2021-03-02,35.1169,35.1169,5,4,-1.3,-0.74,-0.103,손절,10,24.90810203552246,46.327327728271484,1
LEE,breakout,2021-03-03,2021-03-08,25.4,23.7,7,3,-13.45,-7.53,-0.77,SMA10 이탈,12,24.50979995727539,125.45454406738281,1
CHRD,breakout,2021-03-15,2021-03-18,37.422,35.2183,4,3,-10.12,-6.73,-1.148,손절,11,11.707758903503418,73.53958892822266,1
INTT,breakout,2021-03-29,2021-04-08,10.97,10.97,16,7,7.82,4.43,0.671,손절,11,13.354039192199707,79.7077865600586,1
HOV,breakout,2021-04-01,2021-04-08,113.86,111.15,1,4,-3.72,-3.25,-0.328,갭하락 손절,10,23.626495361328125,236.02940368652344,1
HOV,breakout,2021-04-20,2021-04-21,119.45,110.3853,1,1,-10.1,-8.42,-1.114,손절,10,15.76855182647705,149.58071899414062,1
AZTA,breakout,2021-04-27,2021-04-29,107.3917,101.9186,1,2,-6.41,-5.95,-1.172,손절,14,17.437898635864258,44.833980560302734,1
HOV,breakout,2021-04-26,2021-04-30,128.88,128.88,1,4,-1.16,-0.9,-0.128,손절,12,24.907934188842773,150.41928100585938,1
DAC,breakout,2021-05-03,2021-05-11,47.3281,47.3281,3,6,8.61,6.03,1.038,손절,24,22.829605102539062,135.45751953125,1
AA,breakout,2021-05-04,2021-05-13,36.1759,37.1832,4,7,6.62,4.56,0.913,SMA10 이탈,10,17.568933486938477,69.55921936035156,1
CNTY,breakout,2021-05-17,2021-05-19,14.65,13.644,12,2,-13.6,-7.7,-1.127,손절,10,23.10924530029297,84.37498474121094,1
CAL,breakout,2021-05-18,2021-05-19,25.2396,23.462,7,1,-13.98,-7.88,-1.238,갭하락 손절,12,17.09958267211914,62.231327056884766,1
INTT,breakout,2021-05-25,2021-06-09,14.07,14.45,11,10,0.56,0.36,0.07,SMA10 이탈,20,20.39759063720703,73.92404174804688,1
BRSL,breakout,2021-06-01,2021-06-10,16.4538,16.4538,10,7,1.34,0.81,0.151,손절,10,16.77728843688965,49.702980041503906,1
CNTY,breakout,2021-06-09,2021-06-10,15.3,14.4588,11,1,-10.73,-6.34,-1.159,손절,14,16.185415267944336,53.926692962646484,1
CNTY,breakout,2021-06-10,2021-06-11,15.78,14.9253,10,1,-9.93,-6.26,-1.162,손절,15,19.224918365478516,53.926692962646484,1
TTI,breakout,2021-06-14,2021-06-17,3.95,3.702,39,3,-11.02,-7.12,-1.139,손절,10,13.18051815032959,59.5744743347168,1
HDSN,breakout,2021-06-24,2021-06-30,3.3,3.3,46,4,1.15,0.76,0.102,손절,13,24.060142517089844,79.00552368164062,1
NBP,breakout,2021-06-30,2021-07-06,83.875,76.68,1,3,-7.92,-9.4,-1.813,갭하락 손절,21,20.35442543029785,80.1737060546875,1
ENVX,breakout,2021-06-29,2021-07-07,21.15,21.5,7,5,13.69,9.21,1.42,SMA10 이탈,11,14.84330940246582,72.01718139648438,1
PTGX,breakout,2021-07-12,2021-07-14,47.34,44.7697,3,2,-8.95,-6.28,-1.161,손절,13,12.5,64.51612854003906,1
ASAN,breakout,2021-07-21,2021-07-27,70.11,70.11,2,4,2.76,1.96,0.332,손절,10,13.135385513305664,173.07691955566406,1
DDS,breakout,2021-08-02,2021-08-03,147.9588,138.2788,1,1,-10.97,-7.38,-1.43,갭하락 손절,24,18.65302276611328,100.58203125,1
CLDX,breakout,2021-08-05,2021-08-11,45.65,45.65,3,4,0.46,0.33,0.047,손절,15,20.51214027404785,76.77074432373047,1
JYNT,breakout,2021-08-06,2021-08-13,95.0,95.0,1,5,-0.85,-0.9,-0.167,손절,18,17.890918731689453,86.62088775634766,1
IPWR,breakout,2021-08-09,2021-08-13,17.665,16.27,3,4,-4.01,-7.53,-0.756,갭하락 손절,10,23.704492568969727,77.87971496582031,1
LXU,breakout,2021-08-11,2021-08-17,7.0,6.5692,20,4,-8.69,-6.18,-0.621,갭하락 손절,11,19.579505920410156,86.26611328125,1
CNM,breakout,2021-08-23,2021-08-27,27.86,27.86,5,4,-0.66,-0.47,-0.077,손절,15,17.305267333984375,35.64999008178711,1
ARCT,breakout,2021-08-26,2021-09-01,54.98,54.61,2,4,-1.53,-1.38,-0.139,갭하락 손절,11,22.915267944335938,141.4561767578125,1
LRMR,breakout,2021-09-02,2021-09-08,14.9,14.25,9,3,-7.03,-5.22,-0.719,SMA10 이탈,11,12.283336639404297,76.82776641845703,1
HAPN,breakout,2021-08-31,2021-09-10,29.72,30.04,4,7,2.2,1.84,0.329,SMA10 이탈,12,16.915809631347656,98.79598999023438,1
TVTX,breakout,2021-09-09,2021-09-16,22.95,22.95,5,5,0.28,0.24,0.039,손절,11,15.733742713928223,70.82353973388672,1
GOSS,breakout,2021-10-12,2021-10-18,13.58,13.58,10,4,1.22,0.89,0.152,손절,10,14.987289428710938,85.770751953125,1
GOLD,breakout,2021-10-04,2021-10-21,26.826,28.4085,5,13,7.29,5.41,1.064,SMA10 이탈,10,15.599203109741211,37.21900177001953,1
AMR,breakout,2021-10-25,2021-10-27,62.6922,58.9899,2,2,-8.5,-6.75,-0.854,SMA10 이탈,13,17.071449279785156,108.87858581542969,1
ZETA,breakout,2021-10-26,2021-10-28,8.88,8.1438,15,2,-12.19,-9.11,-1.104,손절,10,15.045392990112305,65.03758239746094,1
XENE,breakout,2021-11-03,2021-11-09,34.29,34.29,3,4,0.91,0.88,0.136,손절,13,17.44345474243164,137.95550537109375,1
BCYC,breakout,2021-11-15,2021-11-18,60.7,58.39,2,3,-5.69,-4.67,-0.834,SMA10 이탈,19,20.17422866821289,123.06840515136719,1
BCTX,breakout,2021-11-22,2021-11-23,107.0,98.9909,1,1,-8.94,-8.31,-1.116,손절,10,14.683807373046875,52.26278305053711,1
RDVT,breakout,2021-12-09,2021-12-10,39.5451,37.4078,3,1,-7.45,-6.25,-1.162,손절,11,14.712322235107422,64.65475463867188,1
OXBR,breakout,2021-12-06,2021-12-28,4.85,6.27,25,15,32.82,26.94,3.667,SMA10 이탈,10,23.724483489990234,62.408756256103516,1
AOSL,breakout,2021-12-27,2022-01-04,57.98,57.98,1,6,-0.52,-0.9,-0.119,손절,10,19.31624412536621,89.85215759277344,1
ACLS,breakout,2021-12-28,2022-01-04,73.14,73.14,1,5,-0.66,-0.9,-0.166,손절,12,19.99999237060547,48.774253845214844,1
BXC,breakout,2021-12-23,2022-01-05,85.8,86.72,1,8,0.14,0.17,0.032,SMA10 이탈,11,15.649008750915527,82.86087799072266,1
VET,breakout,2022-01-12,2022-01-21,13.5092,13.33,10,6,0.35,0.25,0.047,갭하락 손절,10,20.647775650024414,59.931087493896484,1
CPSS,breakout,2022-01-31,2022-02-03,11.83,10.9679,11,3,-10.61,-8.12,-1.119,손절,15,20.961153030395508,75.34626770019531,1
VET,breakout,2022-02-04,2022-02-08,14.9525,14.1725,8,2,-7.29,-6.07,-1.168,손절,12,24.107133865356445,86.79673767089844,1
GKOS,breakout,2022-02-07,2022-02-11,54.89,54.89,2,4,-0.05,-0.05,-0.007,손절,11,16.329336166381836,41.982208251953125,1
DVN,breakout,2022-02-17,2022-02-22,45.0912,42.5729,2,2,-5.83,-6.43,-1.157,손절,14,12.457120895385742,52.6301155090332,1
DVN,breakout,2022-02-22,2022-02-23,46.9774,43.1969,2,1,-8.37,-8.87,-1.665,갭하락 손절,10,12.72728443145752,55.94935607910156,1
CINT,breakout,2022-02-28,2022-03-08,16.46,16.79,7,6,4.45,3.84,0.505,SMA10 이탈,10,19.535207748413086,50.860321044921875,1
STNG,breakout,2022-02-24,2022-03-11,14.855,16.3815,8,11,9.68,8.11,1.629,SMA10 이탈,11,15.476190567016602,35.29944610595703,1
EOLS,breakout,2022-03-08,2022-03-14,9.86,9.86,6,4,0.09,0.16,0.02,손절,12,24.810123443603516,83.95574951171875,1
RES,breakout,2022-03-04,2022-03-15,8.5817,9.1152,15,7,10.99,8.5,1.33,SMA10 이탈,10,23.086881637573242,102.1686782836914,1
LNTH,breakout,2022-03-18,2022-03-24,56.19,55.54,2,4,-2.35,-2.08,-0.306,갭하락 손절,10,14.62668228149414,124.75543212890625,1
SEI,breakout,2022-03-17,2022-03-28,9.8244,9.8244,13,7,-0.27,-0.21,-0.034,손절,11,18.439483642578125,66.25,1
BELFB,breakout,2022-03-25,2022-03-28,19.2157,18.2485,3,1,-3.41,-5.88,-1.174,손절,13,15.321599960327148,55.78583526611328,1
QUAD,breakout,2022-03-24,2022-04-05,5.8588,5.9381,22,8,0.19,0.15,0.022,SMA10 이탈,12,21.350372314453125,70.51597595214844,1
HP,breakout,2022-03-31,2022-04-06,37.1862,37.1862,3,4,-1.62,-1.45,-0.284,손절,16,19.902790069580078,78.99310302734375,1
EOLS,breakout,2022-04-04,2022-04-07,12.12,11.285,6,3,-5.64,-7.72,-1.126,손절,10,12.399148941040039,133.155517578125,1
LNTH,breakout,2022-04-20,2022-04-21,63.0,59.2854,1,1,-4.26,-6.74,-1.148,손절,10,12.4598388671875,130.07781982421875,1
PTEN,breakout,2022-04-12,2022-04-22,14.3776,14.5414,8,7,4.08,3.53,0.694,SMA10 이탈,24,17.13483428955078,95.4208984375,1
HDSN,breakout,2022-04-18,2022-04-22,6.84,6.78,19,4,-1.51,-1.16,-0.175,갭하락 손절,17,23.021591186523438,110.2894058227539,1
LWLG,breakout,2022-05-05,2022-05-06,12.77,11.493,10,1,-13.86,-10.81,-1.085,손절,10,23.980581283569336,145.30686950683594,1
ASC,breakout,2022-05-02,2022-05-09,5.0816,5.0816,24,5,5.78,4.72,0.735,손절,10,24.084781646728516,48.81889724731445,1
INSW,breakout,2022-05-17,2022-05-23,14.8933,14.7992,8,4,-2.15,-1.79,-0.328,갭하락 손절,12,17.682289123535156,45.56861114501953,1
CNR,breakout,2022-05-23,2022-05-27,48.9537,48.9537,2,4,-0.41,-0.42,-0.05,손절,10,16.61548614501953,90.15829467773438,1
HDSN,breakout,2022-06-01,2022-06-02,10.29,9.3664,11,1,-11.13,-9.79,-1.096,손절,10,16.13996124267578,82.9136734008789,1
SLVM,breakout,2022-06-06,2022-06-07,46.819,44.2302,1,1,-3.0,-6.38,-1.158,손절,12,14.39262580871582,52.39115905761719,1
PBF,breakout,2022-05-27,2022-06-13,29.0123,33.5128,4,10,13.23,11.35,1.986,SMA10 이탈,15,20.244253158569336,68.53873443603516,1
DK,breakout,2022-06-03,2022-06-13,26.1443,26.1443,4,6,4.02,3.83,0.695,손절,10,13.746333122253418,53.011356353759766,1
CECO,breakout,2022-06-07,2022-06-13,6.51,6.29,10,4,-1.88,-2.88,-0.564,갭하락 손절,10,11.09214973449707,53.05624008178711,1
STNG,breakout,2022-06-21,2022-06-22,34.2852,32.1803,3,1,-7.21,-6.98,-1.142,손절,11,15.674840927124023,88.3823013305664,1
BZUN,breakout,2022-06-24,2022-06-30,11.33,10.81,10,4,-4.75,-4.18,-0.555,갭하락 손절,10,20.21390151977539,96.58537292480469,1
OLLI,breakout,2022-07-07,2022-07-14,66.94,66.94,1,5,-0.6,-0.9,-0.159,손절,10,16.51871109008789,50.074256896972656,1
IDYA,breakout,2022-07-13,2022-07-18,15.67,14.9,7,3,-6.35,-5.77,-0.728,SMA10 이탈,11,22.72870635986328,74.07862091064453,1
LNTH,breakout,2022-07-20,2022-07-22,73.042,68.66,1,2,-5.02,-6.84,-1.026,SMA10 이탈,27,23.423458099365234,34.88116455078125,1
EDU,breakout,2022-07-26,2022-08-08,24.3102,24.3102,4,9,4.13,4.23,0.554,손절,11,21.944034576416016,170.82887268066406,1
ALHC,breakout,2022-07-29,2022-08-11,14.91,16.1,7,9,7.87,7.51,1.303,SMA10 이탈,14,13.109755516052246,88.50129699707031,1
APYX,breakout,2022-08-11,2022-08-12,10.99,9.84,11,1,-13.68,-11.27,-1.412,갭하락 손절,15,24.180782318115234,215.87498474121094,1
TMDX,breakout,2022-07-22,2022-08-16,35.32,44.05,3,17,13.95,13.11,1.957,SMA10 이탈,11,15.123855590820312,47.66278076171875,1
BMEA,breakout,2022-08-16,2022-08-17,12.82,11.851,9,1,-9.72,-8.39,-1.115,손절,25,23.864723205566406,274.49273681640625,1
GOSS,breakout,2022-08-08,2022-08-22,13.07,13.75,9,10,3.04,2.58,0.325,SMA10 이탈,11,17.960285186767578,122.60639953613281,1
GOSS,breakout,2022-08-25,2022-08-26,15.08,14.07,7,1,-7.99,-7.53,-1.298,갭하락 손절,10,17.628705978393555,147.1631317138672,1
EDU,breakout,2022-08-26,2022-09-01,28.0879,27.2071,3,4,-2.22,-2.62,-0.481,갭하락 손절,20,20.05988311767578,137.08132934570312,1
TMDX,breakout,2022-08-23,2022-09-06,48.93,51.0,2,9,4.5,4.58,0.535,SMA10 이탈,10,15.075254440307617,105.2061538696289,1
ALT,breakout,2022-08-31,2022-09-07,19.71,19.71,5,4,1.92,1.94,0.195,손절,10,20.69809341430664,157.64549255371094,1
BLFS,breakout,2022-09-08,2022-09-14,25.95,25.95,4,4,-1.13,-1.09,-0.145,손절,16,19.1460018157959,99.16157531738281,1
IMCR,breakout,2022-09-30,2022-10-06,46.895,46.26,2,4,-2.18,-2.31,-0.283,갭하락 손절,14,20.55269432067871,49.56097412109375,1
CRCT,breakout,2022-10-04,2022-10-07,6.4366,6.2752,16,3,-3.5,-3.38,-0.511,SMA10 이탈,11,16.281902313232422,47.67439270019531,1
PBF,breakout,2022-10-20,2022-10-26,39.5939,38.7991,2,4,-2.67,-3.35,-0.51,갭하락 손절,10,20.957565307617188,48.814857482910156,1
IMVT,breakout,2022-10-21,2022-10-27,10.05,9.96,8,4,-1.72,-2.13,-0.214,갭하락 손절,10,17.406536102294922,137.79342651367188,1
WTI,breakout,2022-10-26,2022-10-28,7.547,7.0578,14,2,-7.77,-7.32,-1.134,손절,12,17.925907135009766,59.16334533691406,1
PR,breakout,2022-10-27,2022-10-28,8.6686,8.1682,6,1,-3.46,-6.62,-1.151,손절,13,18.106508255004883,53.59477996826172,1
AMPY,breakout,2022-10-28,2022-11-02,9.7,9.0721,11,3,-7.84,-7.31,-1.135,손절,14,17.86148452758789,63.70106887817383,1
ADEA,breakout,2022-11-01,2022-11-07,10.6581,10.4424,4,4,-1.22,-2.86,-0.382,갭하락 손절,11,12.419593811035156,83.71157836914062,1
ASC,breakout,2022-10-14,2022-11-09,8.2931,10.6366,12,18,19.61,19.61,3.447,SMA10 이탈,17,20.11427879333496,36.422122955322266,1
DXLG,breakout,2022-11-11,2022-11-14,7.01,6.6493,14,1,-5.91,-6.0,-1.17,손절,10,11.44675064086914,33.072410583496094,1
PCVX,breakout,2022-11-28,2022-12-02,46.0,45.43,2,4,-1.89,-2.05,-0.397,갭하락 손절,10,14.713215827941895,127.2815933227539,1
LYTS,breakout,2022-11-29,2022-12-05,10.9822,10.9822,9,4,0.44,0.45,0.07,손절,11,15.322589874267578,68.77442932128906,1
HBM,breakout,2022-12-01,2022-12-06,5.6627,5.464,9,3,-2.24,-4.37,-0.871,SMA10 이탈,10,11.98427677154541,58.56352996826172,1
RELL,breakout,2022-12-13,2022-12-15,24.9937,23.648,3,2,-4.69,-6.23,-1.163,손절,10,11.474740982055664,88.08329010009766,1
UCL,breakout,2022-12-15,2022-12-22,3.96,3.96,24,5,1.41,1.48,0.149,손절,10,20.731712341308594,834.7825927734375,1
PDSB,breakout,2022-12-21,2022-12-27,10.07,9.2154,5,3,-4.71,-9.31,-1.102,손절,13,20.92456817626953,212.48448181152344,1
ASUR,breakout,2022-12-19,2022-12-28,9.04,9.04,10,6,3.52,3.87,0.664,손절,10,15.453386306762695,92.81315612792969,1
MANU,breakout,2022-12-27,2023-01-03,23.16,23.16,4,4,-0.5,-0.53,-0.103,손절,16,14.596736907958984,92.02302551269531,1
ADMA,breakout,2022-12-29,2023-01-04,3.8,3.65,25,3,-4.59,-4.81,-0.905,SMA10 이탈,11,10.113012313842773,53.238868713378906,1
TME,breakout,2023-01-04,2023-01-10,8.4825,8.2728,11,4,-3.02,-3.22,-0.559,갭하락 손절,15,16.688655853271484,163.3757781982422,1
MNSO,breakout,2023-01-06,2023-01-12,11.344,11.344,8,4,1.96,2.15,0.356,손절,21,21.554256439208984,192.13485717773438,1
VKTX,breakout,2023-01-18,2023-01-19,9.4,8.72,9,1,-6.85,-8.07,-0.81,SMA10 이탈,10,17.942285537719727,171.75140380859375,1
IAG,breakout,2023-01-26,2023-02-01,2.89,2.83,31,4,-2.98,-3.31,-0.627,갭하락 손절,12,11.58301830291748,80.76922607421875,1
MNSO,breakout,2023-02-02,2023-02-03,14.4777,13.9668,6,1,-3.83,-4.39,-0.672,SMA10 이탈,10,15.754914283752441,68.54563903808594,1
ASUR,breakout,2023-02-01,2023-02-07,10.86,10.86,8,4,-0.3,-0.35,-0.069,손절,13,15.409135818481445,65.40211486816406,1
LYTS,breakout,2023-02-13,2023-02-17,13.993,13.993,6,4,-0.83,-0.99,-0.193,손절,10,11.585367202758789,33.86954116821289,1
RIG,breakout,2023-02-16,2023-02-17,7.65,7.2053,11,1,-5.63,-6.66,-1.15,손절,10,12.5,98.08218383789062,1
MEC,breakout,2023-02-23,2023-02-24,16.536,15.709,5,1,-4.86,-5.85,-1.175,손절,11,11.578941345214844,41.88034439086914,1
SERA,breakout,2023-03-14,2023-03-20,3.96,3.96,20,4,2.17,2.73,0.275,손절,10,18.20895767211914,262.7272644042969,1
CLMB,breakout,2023-03-27,2023-03-31,13.0938,12.9624,6,4,-1.54,-1.95,-0.386,갭하락 손절,11,15.12298583984375,61.87617874145508,1
OPRA,breakout,2023-03-31,2023-04-06,8.5881,8.369,9,4,-2.76,-3.55,-0.651,갭하락 손절,14,24.724590301513672,80.32357788085938,1
RRGB,breakout,2023-04-12,2023-04-13,15.87,14.97,2,1,-2.08,-6.52,-1.305,갭하락 손절,10,19.323301315307617,74.43519592285156,1
LMB,breakout,2023-04-11,2023-04-18,17.675,17.675,4,5,-0.19,-0.27,-0.052,손절,12,16.58970069885254,40.85667037963867,1
DRD,breakout,2023-04-13,2023-04-19,9.6396,9.6396,4,4,0.35,0.9,0.171,갭하락 손절,10,10.764265060424805,43.99998092651367,1
ARLO,breakout,2023-04-03,2023-04-20,6.15,6.43,13,12,3.44,4.29,0.569,SMA10 이탈,15,16.698287963867188,80.41543579101562,1
AMPX,breakout,2023-04-18,2023-04-24,9.5,9.5,8,4,-0.68,-0.9,-0.09,손절,10,24.93404197692871,118.31326293945312,1
INOD,breakout,2023-04-21,2023-04-25,8.54,7.9585,9,2,-5.9,-7.64,-1.128,손절,12,17.63085174560547,78.79998779296875,1
BUR,breakout,2023-04-28,2023-05-04,12.7678,12.7678,6,4,-0.06,-0.07,-0.01,손절,13,9.504127502441406,111.3300552368164,1
VKTX,breakout,2023-05-05,2023-05-11,22.83,22.83,3,4,-0.9,-1.3,-0.185,손절,11,18.906248092651367,151.036865234375,1
ACHV,breakout,2023-05-09,2023-05-12,8.85,8.1999,8,3,-5.81,-8.18,-1.118,손절,10,12.452352523803711,97.3684310913086,1
LUNG,breakout,2023-05-12,2023-05-17,13.12,12.51,5,3,-3.63,-5.5,-0.908,SMA10 이탈,16,16.312063217163086,50.75846862792969,1
VKTX,breakout,2023-05-16,2023-05-19,23.565,22.97,3,3,-2.41,-3.4,-0.514,SMA10 이탈,10,14.444339752197266,163.01841735839844,1
APYX,breakout,2023-06-14,2023-06-15,7.48,6.8602,9,1,-6.16,-9.11,-1.104,손절,10,20.729684829711914,144.36361694335938,1
DBI,breakout,2023-07-03,2023-07-10,9.2581,9.0869,7,4,-1.45,-2.23,-0.363,갭하락 손절,12,19.90971565246582,56.51465606689453,1
NEXT,breakout,2023-07-07,2023-07-13,8.51,8.46,7,4,-0.8,-1.35,-0.189,갭하락 손절,12,13.014602661132812,71.02616119384766,1
BHVN,breakout,2023-07-12,2023-07-20,24.94,24.94,2,6,1.01,2.02,0.368,손절,17,13.312137603759766,109.23075866699219,1
MLTX,breakout,2023-07-14,2023-07-24,53.185,53.185,1,6,-0.48,-0.9,-0.102,손절,10,12.370586395263672,172.97296142578125,1
LFCR,breakout,2023-07-18,2023-07-24,10.36,10.34,5,4,-0.35,-0.67,-0.112,갭하락 손절,10,14.475131034851074,143.82565307617188,1
ALTO,breakout,2023-07-28,2023-08-02,4.06,3.7973,16,3,-4.77,-7.31,-1.135,손절,11,18.367338180541992,102.11639404296875,1
HTT,breakout,2023-08-10,2023-08-11,2.48,2.3537,26,1,-3.85,-5.94,-1.172,손절,11,11.963891983032227,83.33333587646484,1
ALTO,breakout,2023-08-08,2023-08-14,4.21,4.21,15,4,-0.17,-0.27,-0.046,손절,14,18.5915470123291,107.14285278320312,1
ILPT,breakout,2023-08-22,2023-08-25,3.9887,3.7409,15,3,-4.24,-7.05,-0.951,SMA10 이탈,15,15.896738052368164,154.29141235351562,1
VRT,breakout,2023-08-28,2023-09-06,37.8128,37.8128,1,6,-0.34,-0.9,-0.178,손절,12,17.20195960998535,74.54802703857422,1
TDS,breakout,2023-08-31,2023-09-06,20.354,18.6382,2,3,-3.78,-9.25,-1.102,손절,10,21.624696731567383,170.24325561523438,1
DLO,breakout,2023-09-14,2023-09-15,20.8618,19.6029,2,1,-2.88,-6.88,-1.145,손절,19,21.319520950317383,108.94734954833984,1
ORN,breakout,2023-09-19,2023-09-25,5.24,5.24,10,4,0.47,0.9,0.157,손절,11,15.044248580932617,81.58845520019531,1
TIGR,breakout,2023-10-11,2023-10-12,5.605,5.3,10,1,-3.54,-6.29,-1.18,갭하락 손절,24,20.27897834777832,102.44329071044922,1
MTRX,breakout,2023-10-16,2023-10-20,12.37,12.37,4,4,-0.29,-0.58,-0.094,손절,10,18.71401023864746,102.49169158935547,1
HNRG,breakout,2023-10-17,2023-10-20,15.25,14.4649,3,3,-2.76,-6.0,-1.17,손절,11,16.590213775634766,61.67034912109375,1
AYTU,breakout,2023-10-18,2023-10-23,3.18,2.94,4,3,-1.07,-8.38,-0.841,SMA10 이탈,10,22.307693481445312,110.52632141113281,1
UEC,breakout,2023-10-23,2023-10-27,5.54,5.54,9,4,-0.09,-0.18,-0.029,손절,15,19.913423538208008,66.28241729736328,1
BHVN,breakout,2023-11-02,2023-11-08,29.99,29.99,1,4,-0.27,-0.9,-0.146,손절,11,14.054679870605469,75.37992858886719,1
LFMD,breakout,2023-11-07,2023-11-09,7.37,6.791,7,2,-4.5,-8.68,-1.11,손절,16,23.45058822631836,113.87284088134766,1
EU,breakout,2023-11-14,2023-11-28,3.63,3.72,13,9,1.34,2.82,0.541,SMA10 이탈,34,22.37287712097168,62.67280578613281,1
UEC,breakout,2023-11-16,2023-11-29,6.13,6.17,8,8,0.75,1.53,0.298,SMA10 이탈,10,14.579439163208008,34.89934158325195,1
BLTE,breakout,2023-12-01,2023-12-07,42.5,41.72,1,4,-1.16,-2.71,-0.545,갭하락 손절,16,17.73878288269043,42.406166076660156,1
TLS,breakout,2023-12-04,2023-12-12,4.25,4.25,6,6,0.7,2.72,0.281,손절,11,19.382022857666016,134.7593536376953,1
YPF,breakout,2023-12-12,2023-12-18,17.35,17.12,3,4,-1.31,-2.51,-0.396,갭하락 손절,10,9.25692367553711,90.49111938476562,1
TAL,breakout,2023-12-15,2023-12-18,13.42,12.5961,3,1,-2.82,-6.98,-1.142,손절,10,22.111011505126953,51.129615783691406,1
BHVN,breakout,2023-11-28,2024-01-03,32.0,40.19,1,24,7.87,24.47,3.926,SMA10 이탈,15,18.82659149169922,89.72642517089844,1
EYPT,breakout,2023-12-22,2024-01-03,21.35,21.35,2,6,1.82,4.23,0.425,손절,10,16.41221046447754,326.102294921875,1
MGNX,breakout,2024-01-10,2024-01-17,10.6,10.6,5,4,0.14,0.26,0.046,손절,12,13.612008094787598,125.56722259521484,1
LQDA,breakout,2024-01-17,2024-01-23,13.26,13.11,4,4,-1.23,-2.32,-0.316,갭하락 손절,10,17.761993408203125,103.96039581298828,1
SGHT,breakout,2024-01-22,2024-01-24,5.69,5.121,9,2,-5.56,-10.81,-1.085,손절,14,15.7445068359375,322.53521728515625,1
KYMR,breakout,2024-01-23,2024-01-29,29.89,29.89,1,4,-0.27,-0.9,-0.12,손절,10,17.585933685302734,116.17913055419922,1
ARDX,breakout,2024-01-26,2024-01-31,9.2,8.73,2,3,-1.1,-5.96,-0.854,SMA10 이탈,10,16.38202667236328,173.46937561035156,1
NPCE,breakout,2024-02-06,2024-02-13,15.572,15.572,1,5,-0.14,-0.9,-0.105,손절,10,15.776944160461426,102.02700805664062,1
ARVN,breakout,2024-02-01,2024-02-21,43.46,47.7,1,13,3.83,8.77,1.698,SMA10 이탈,22,21.85206413269043,205.5634765625,1
AXGN,breakout,2024-01-24,2024-02-28,9.32,10.33,5,24,3.31,7.08,1.181,SMA10 이탈,10,22.1494083404541,91.51139068603516,1
PEPG,breakout,2024-02-27,2024-03-06,15.14,15.41,3,6,2.81,6.15,0.618,SMA10 이탈,11,23.039413452148438,191.31240844726562,1
DNTH,breakout,2024-03-13,2024-03-20,26.0,26.0,2,5,-0.12,-0.23,-0.04,손절,10,15.555561065673828,169.26145935058594,1
PXLW,breakout,2024-03-21,2024-03-22,36.12,33.6449,1,1,-2.79,-7.69,-1.127,손절,10,16.666662216186523,150.40650939941406,1
HIMS,breakout,2024-03-20,2024-03-26,15.818,15.818,3,4,0.55,1.16,0.176,손절,11,24.062740325927734,84.05438995361328,1
XPOF,breakout,2024-03-28,2024-04-03,16.435,15.0807,3,3,-4.49,-9.06,-1.105,손절,10,16.477680206298828,69.62162017822266,1
PACK,breakout,2024-04-04,2024-04-05,8.27,7.6314,6,1,-4.26,-8.55,-1.112,손절,10,14.542949676513672,99.48052215576172,1
EXK,breakout,2024-04-01,2024-04-15,2.5,2.67,21,10,3.38,6.41,0.828,SMA10 이탈,11,20.79207992553711,59.154937744140625,1
GHRS,breakout,2024-04-16,2024-04-17,11.76,10.91,4,1,-3.81,-8.06,-1.494,갭하락 손절,17,16.090822219848633,96.21429443359375,1
GERN,breakout,2024-04-11,2024-04-23,3.52,3.52,14,8,-0.03,-0.05,-0.007,손절,13,15.409839630126953,113.41464233398438,1
SERA,breakout,2024-04-29,2024-05-01,11.15,10.4056,4,2,-3.37,-7.51,-1.13,손절,11,18.617021560668945,37.212120056152344,1
GOLD,breakout,2024-05-02,2024-05-08,39.1891,33.1253,1,4,-6.39,-16.23,-2.96,갭하락 손절,13,13.84025764465332,75.39221954345703,1
CATX,breakout,2024-05-15,2024-05-16,19.0,15.7,2,1,-6.91,-18.11,-2.568,갭하락 손절,14,24.182998657226562,108.23531341552734,1
INOD,breakout,2024-06-03,2024-06-14,13.47,15.15,3,9,4.67,11.51,1.323,SMA10 이탈,10,13.593875885009766,134.4322509765625,1
HROW,breakout,2024-06-12,2024-06-14,18.67,17.511,2,2,-2.64,-7.05,-1.14,손절,10,11.729515075683594,90.06085205078125,1
HROW,breakout,2024-06-21,2024-07-02,20.45,20.45,2,7,0.52,1.26,0.229,손절,16,22.381818771362305,90.06085205078125,1
SFIX,breakout,2024-07-01,2024-07-03,4.2,3.88,8,2,-2.85,-8.45,-0.981,SMA10 이탈,11,23.82074546813965,94.41748809814453,1
SFIX,breakout,2024-07-03,2024-07-05,4.23,3.87,8,1,-3.17,-9.33,-1.11,갭하락 손절,13,24.705196380615234,94.41748809814453,1
CRDO,breakout,2024-06-27,2024-07-10,30.0,31.21,1,8,0.93,3.1,0.547,SMA10 이탈,11,11.111116409301758,77.6753921508789,1
FIP,breakout,2024-07-02,2024-07-10,8.5503,8.5503,2,5,0.14,0.81,0.14,손절,23,23.203277587890625,50.46542739868164,1
MIRM,breakout,2024-07-11,2024-07-18,36.92,37.37,1,5,0.12,0.31,0.05,SMA10 이탈,11,14.162027359008789,53.06827926635742,1
XPOF,breakout,2024-07-16,2024-07-22,17.81,17.81,2,4,-0.13,-0.37,-0.053,손절,15,18.75835609436035,123.78378295898438,1
LENZ,breakout,2024-07-31,2024-08-02,25.3,23.8782,1,2,-1.64,-6.47,-1.156,손절,10,21.188879013061523,60.194183349609375,1
FEIM,breakout,2024-08-21,2024-09-06,13.1094,13.74,2,11,1.23,4.67,0.685,SMA10 이탈,19,21.471345901489258,65.0811996459961,1
BVS,breakout,2024-09-13,2024-09-26,11.0,11.05,3,9,1.13,3.4,0.537,SMA10 이탈,14,20.065784454345703,94.31817626953125,1
TSSI,breakout,2024-09-16,2024-10-02,5.32,6.48,7,12,5.52,14.75,1.482,SMA10 이탈,11,20.09030532836914,166.03775024414062,1
PSIX,breakout,2024-09-30,2024-10-02,20.5,19.2241,2,2,-2.91,-7.06,-1.14,손절,23,21.158397674560547,230.1737823486328,1
VRDN,breakout,2024-10-03,2024-10-09,24.68,23.27,1,4,-1.63,-6.56,-0.713,갭하락 손절,12,21.1585636138916,80.30302429199219,1
PSIX,breakout,2024-10-02,2024-10-10,20.94,20.94,1,6,-0.19,-0.9,-0.148,손절,25,23.049640655517578,230.1737823486328,1
TDAY,breakout,2024-10-09,2024-10-10,5.81,5.5107,7,1,-2.45,-6.0,-1.17,손절,14,12.162160873413086,54.83028793334961,1
EWTX,breakout,2024-10-10,2024-10-28,30.38,34.04,1,12,3.37,11.04,1.41,SMA10 이탈,14,22.008026123046875,99.73368835449219,1
RKLB,breakout,2024-10-15,2024-10-30,10.15,10.96,4,11,2.56,6.28,0.875,SMA10 이탈,11,15.340900421142578,145.0,1
BMEA,breakout,2024-10-28,2024-10-30,12.31,11.276,2,2,-2.28,-9.22,-1.103,손절,12,19.3016414642334,141.14389038085938,1
RAIL,breakout,2024-10-24,2024-11-01,13.14,13.67,2,6,1.38,5.21,0.612,SMA10 이탈,13,16.28318977355957,310.2803649902344,1
CLOV,breakout,2024-11-06,2024-11-07,4.45,3.89,9,1,-5.38,-13.37,-2.282,갭하락 손절,13,19.94534683227539,91.8533706665039,1
TVTX,breakout,2024-11-11,2024-11-12,19.925,18.6484,1,1,-1.45,-7.25,-1.136,손절,14,18.81334686279297,126.47058868408203,1
NAGE,breakout,2024-11-21,2024-11-27,7.67,7.62,5,4,-0.65,-1.7,-0.17,갭하락 손절,10,23.311901092529297,124.05061340332031,1
CORZ,breakout,2024-11-26,2024-11-27,18.51,17.2664,2,1,-2.81,-7.55,-1.129,손절,10,21.138751983642578,71.5509033203125,1
NAGE,breakout,2024-11-27,2024-12-04,7.85,7.58,4,4,-1.3,-4.12,-0.413,갭하락 손절,10,15.441167831420898,138.36476135253906,1
LX,breakout,2024-12-26,2024-12-30,5.5145,5.168,6,2,-2.37,-7.12,-0.858,SMA10 이탈,11,11.83275032043457,136.57142639160156,1
XMTR,breakout,2024-12-16,2025-01-02,35.34,41.63,1,11,5.94,16.74,3.191,SMA10 이탈,13,15.565729141235352,103.69002532958984,1
ETON,breakout,2024-12-31,2025-01-03,13.69,13.0,2,2,-1.62,-5.89,-0.892,SMA10 이탈,19,17.611682891845703,119.46623229980469,1
HSAI,breakout,2025-01-21,2025-01-23,16.15,14.9,2,2,-2.78,-8.57,-0.861,SMA10 이탈,10,23.282432556152344,306.7164306640625,1
BYRN,breakout,2025-01-23,2025-01-27,31.55,29.27,1,2,-2.55,-8.06,-1.176,갭하락 손절,16,21.955930709838867,126.30057525634766,1
TDUP,breakout,2025-02-04,2025-02-10,2.415,2.415,15,4,0.11,0.31,0.031,손절,10,18.38235855102539,164.8648681640625,1
LX,breakout,2025-01-17,2025-02-11,5.6944,6.8263,6,16,3.31,9.64,1.746,SMA10 이탈,13,16.726625442504883,111.46178436279297,1
ALLT,breakout,2025-02-06,2025-02-11,9.0,8.1418,1,3,-0.94,-10.35,-1.09,손절,10,20.000003814697266,126.82292175292969,1
CGEN,breakout,2025-02-10,2025-02-11,2.65,2.39,13,1,-3.67,-10.62,-1.233,갭하락 손절,11,21.55963134765625,85.40145111083984,1
FSI,breakout,2025-02-14,2025-02-21,6.5477,6.3718,5,4,-1.07,-3.26,-0.357,갭하락 손절,15,14.529919624328613,95.36902618408203,1
GOTU,breakout,2025-03-14,2025-03-20,3.88,3.76,8,4,-0.72,-2.3,-0.231,갭하락 손절,10,21.249998092651367,101.6042709350586,1
MASS,breakout,2025-05-08,2025-05-13,5.85,5.3205,5,3,-2.9,-9.87,-1.095,손절,11,16.766464233398438,209.375,1
MASS,breakout,2025-05-13,2025-05-14,5.96,4.7,5,1,-6.54,-21.85,-2.715,갭하락 손절,14,18.962074279785156,209.375,1
MBOT,breakout,2025-05-28,2025-05-29,2.92,2.7087,9,1,-2.13,-8.07,-1.12,손절,12,23.728824615478516,109.62963104248047,1
CTMX,breakout,2025-06-12,2025-06-16,2.885,2.5965,10,2,-3.13,-10.81,-1.085,손절,10,22.765958786010742,560.0000610351562,1
NAGE,breakout,2025-06-04,2025-06-20,11.86,13.44,2,11,2.92,12.26,2.223,SMA10 이탈,10,20.447612762451172,107.50469970703125,1
FULC,breakout,2025-06-27,2025-06-30,7.478,7.0068,3,1,-1.61,-7.14,-1.138,손절,19,19.171321868896484,222.8941650390625,1
ASM,breakout,2025-07-11,2025-07-17,4.0,3.85,6,4,-0.75,-3.13,-0.497,갭하락 손절,17,22.118377685546875,105.9459457397461,1
MASS,breakout,2025-07-28,2025-07-29,7.58,7.1301,3,1,-1.55,-6.78,-1.147,손절,24,19.747234344482422,91.90478515625,1
URGN,breakout,2025-07-14,2025-08-07,14.78,18.59,1,18,3.66,24.65,2.476,SMA10 이탈,14,16.103696823120117,356.4327392578125,1
TNGX,breakout,2025-08-18,2025-08-20,7.15,6.75,3,2,-1.39,-6.44,-0.827,SMA10 이탈,17,23.91681671142578,302.2346496582031,1
VISN,breakout,2025-08-26,2025-09-02,4.5093,4.284,5,4,-0.97,-4.28,-0.744,갭하락 손절,10,10.648452758789062,188.18185424804688,1
TLS,breakout,2025-09-11,2025-09-15,6.9,6.3818,3,2,-1.73,-8.34,-1.115,손절,12,18.965518951416016,185.23208618164062,1
AVAH,breakout,2025-09-02,2025-09-16,8.035,8.23,3,10,0.35,1.43,0.221,SMA10 이탈,12,15.445399284362793,104.1554946899414,1
TLS,breakout,2025-09-22,2025-09-26,7.06,7.06,3,4,-0.23,-1.08,-0.161,손절,10,16.118419647216797,191.13926696777344,1
JMIA,breakout,2025-10-02,2025-10-03,12.314,11.56,2,1,-1.72,-6.96,-1.047,SMA10 이탈,11,17.612218856811523,183.715576171875,1
XMAX,breakout,2025-09-30,2025-10-06,5.6,5.37,4,4,-1.12,-4.97,-0.499,갭하락 손절,15,22.538291931152344,320.5673828125,1
EGAN,breakout,2025-11-03,2025-11-06,15.0,14.24,1,3,-0.89,-5.92,-0.701,SMA10 이탈,12,14.766645431518555,161.79000854492188,1
NATR,breakout,2025-12-05,2025-12-08,21.46,20.91,1,1,-0.74,-3.44,-0.66,SMA10 이탈,12,11.076604843139648,66.8465576171875,1
BBAR,breakout,2026-01-09,2026-01-14,18.7413,17.7972,1,3,-1.11,-5.89,-1.174,손절,10,12.5,40.94952392578125,1
BFLY,breakout,2026-01-14,2026-01-16,4.41,4.16,5,2,-1.44,-6.51,-0.967,SMA10 이탈,13,20.32741355895996,111.84210968017578,1
CMTL,breakout,2026-01-20,2026-01-21,6.08,5.4937,3,1,-1.92,-10.45,-1.089,손절,10,15.809524536132812,112.5,1
ASYS,breakout,2026-01-12,2026-02-04,13.97,15.75,1,16,1.65,11.73,1.571,SMA10 이탈,12,20.4310302734375,96.44445037841797,1
ERAS,breakout,2026-02-13,2026-02-20,12.57,12.38,1,4,-0.3,-2.39,-0.282,갭하락 손절,11,24.33234405517578,281.067626953125,1
INNV,breakout,2026-02-27,2026-03-05,9.38,9.38,2,4,1.05,5.55,0.615,손절,11,20.59585952758789,78.9473648071289,1
RLMD,breakout,2026-03-31,2026-04-07,6.735,6.735,3,4,0.15,0.72,0.08,손절,14,18.573951721191406,133.1574249267578,1
DLTH,breakout,2026-04-07,2026-04-13,3.3,3.29,6,4,-0.24,-1.2,-0.174,갭하락 손절,10,15.789472579956055,63.72548294067383,1
IRD,breakout,2026-04-09,2026-04-20,5.28,5.28,4,7,0.35,1.64,0.24,손절,20,24.23529624938965,181.91490173339844,1
TH,breakout,2026-04-21,2026-04-22,15.65,14.83,1,1,-0.96,-6.09,-1.176,갭하락 손절,10,17.404354095458984,121.47335815429688,1
SND,breakout,2026-04-23,2026-04-30,5.1395,5.1395,4,5,-0.15,-0.71,-0.111,손절,16,15.952396392822266,60.439552307128906,1
ALTO,breakout,2026-05-01,2026-05-07,5.58,5.4,4,4,-0.6,-2.67,-0.442,갭하락 손절,13,18.723403930664062,133.3333282470703,1
SVCO,breakout,2026-04-15,2026-05-11,8.04,11.13,2,18,3.69,22.83,2.689,SMA10 이탈,12,18.934906005859375,142.3452911376953,1
STRZ,breakout,2026-05-06,2026-05-13,20.15,20.05,1,5,-0.28,-1.39,-0.206,갭하락 손절,11,16.947185516357422,134.1543731689453,1
RLYB,breakout,2026-05-21,2026-05-27,15.15,14.53,1,3,-0.75,-4.95,-0.925,SMA10 이탈,11,11.315214157104492,93.79747009277344,1
CDXS,breakout,2026-06-04,2026-06-05,2.85,2.639,7,1,-1.65,-8.23,-1.117,손절,16,21.276592254638672,111.3475341796875,1
HPP,breakout,2026-07-02,2026-07-08,16.36,15.393,1,3,-1.11,-6.75,-1.148,손절,14,20.973777770996094,159.76820373535156,1
NCI,breakout,2026-07-10,2026-07-16,12.18,11.5,1,4,-0.79,-6.43,-1.158,갭하락 손절,12,20.118343353271484,97.9166488647461,1
BVS,breakout,2026-07-29,2026-07-31,13.3,12.5792,1,2,-0.84,-6.27,-1.162,손절,13,17.18061065673828,57.490394592285156,1
REPL,breakout,2026-09-02,2026-09-03,16.15,15.29,1,1,-1.0,-6.17,-0.763,SMA10 이탈,13,16.94424057006836,229.5907745361328,1
RCEL,breakout,2026-09-03,2026-09-08,10.9,10.41,1,2,-0.59,-5.35,-0.563,SMA10 이탈,10,12.525880813598633,179.3565673828125,1
AVAH,breakout,2026-09-09,2026-09-09,14.0,14.0,1,0,-0.13,-0.9,-0.158,백테스트 종료,10,7.94140100479126,66.03324127197266,1
