ticker,setup,entry_date,exit_date,entry,exit,qty,days,pnl,pnl_pct,r,reason,m_box_days,m_box_range,m_runup,m_pick_rank,m_gap
SEDG,breakout,2016-01-05,2016-01-07,29.5,27.71,11,2,-22.52,-6.91,-1.326,갭하락 손절,10.0,16.600799560546875,88.74833679199219,2.0,
LRMR,ep,2016-01-21,2016-01-22,145.5336,111.0,2,1,-71.38,-24.41,-2.452,갭하락 손절,,,,,18.4
NEM,breakout,2016-03-01,2016-03-07,20.5838,20.5838,14,4,-4.17,-1.44,-0.261,손절,11.0,14.186835289001465,62.616859436035156,1.0,
CLF,ep,2016-03-07,2016-03-08,3.3902,3.0512,92,1,-33.86,-10.81,-1.085,손절,,,,,21.5
RGLD,breakout,2016-02-29,2016-03-09,41.1745,41.1745,7,7,7.73,2.67,0.383,손절,10.0,19.29779052734375,75.44577026367188,2.0,
MITK,breakout,2016-03-08,2016-03-17,5.84,5.84,50,7,3.34,1.14,0.169,손절,10.0,14.734768867492676,45.56962203979492,1.0,
B,breakout,2016-03-16,2016-03-22,12.0425,12.0425,24,4,-3.67,-1.26,-0.219,손절,14.0,17.088592529296875,98.2168197631836,1.0,
CDE,breakout,2016-03-02,2016-03-23,3.9456,5.2441,6,15,6.86,28.84,2.896,SMA10 이탈,10.0,24.60567855834961,111.11111450195312,2.0,
KGC,breakout,2016-03-17,2016-03-23,2.9041,2.7513,95,4,-12.21,-4.41,-0.607,갭하락 손절,15.0,19.40293312072754,156.48861694335938,2.0,
MITK,breakout,2016-03-30,2016-04-05,6.54,6.45,1,4,-0.15,-2.26,-0.358,갭하락 손절,10.0,12.564539909362793,62.121212005615234,2.0,
SPXC,breakout,2016-03-29,2016-04-25,14.5,16.72,19,19,26.87,9.71,1.879,SMA10 이탈,14.0,22.8813533782959,84.51444244384766,2.0,
ACAD,breakout,2016-04-25,2016-04-26,35.14,32.9898,8,1,-19.65,-6.96,-1.143,손절,11.0,15.478145599365234,104.6875228881836,1.0,
FSM,breakout,2016-04-05,2016-05-04,4.09,5.75,73,21,64.91,21.64,3.37,SMA10 이탈,11.0,12.672174453735352,115.00000762939453,1.0,
KGC,breakout,2016-03-29,2016-05-09,2.958,4.6753,96,29,87.67,30.73,4.683,SMA10 이탈,22.0,22.761165618896484,156.48861694335938,3.0,
BVN,breakout,2016-04-26,2016-05-09,7.9833,8.3648,36,9,26.38,9.14,1.355,SMA10 이탈,10.0,14.751947402954102,87.76823425292969,2.0,
MUX,breakout,2016-05-16,2016-05-19,26.0727,23.6037,14,3,-37.7,-10.28,-1.65,갭하락 손절,10.0,15.789472579956055,54.65116500854492,2.0,
AG,breakout,2016-05-17,2016-05-19,11.4113,10.5442,2,2,-1.93,-8.43,-1.324,갭하락 손절,10.0,23.143173217773438,128.26995849609375,2.0,
TRGP,breakout,2016-05-16,2016-05-20,27.9587,27.6882,13,4,-6.77,-1.85,-0.309,갭하락 손절,10.0,16.376293182373047,59.91960906982422,1.0,
FTK,breakout,2016-05-20,2016-05-26,69.96,69.96,5,4,9.28,2.64,0.38,손절,10.0,11.365806579589844,73.89311981201172,5.0,
FBP,breakout,2016-05-23,2016-05-27,3.3436,3.3436,106,4,-1.09,-0.31,-0.056,손절,15.0,18.028152465820312,58.333396911621094,6.0,
DVN,breakout,2016-05-26,2016-06-01,25.6483,24.2536,7,3,-11.33,-6.28,-1.161,손절,19.0,24.831092834472656,101.99739837646484,3.0,
SM,breakout,2016-05-26,2016-06-02,28.3807,27.3049,12,4,-12.0,-3.51,-0.438,갭하락 손절,19.0,19.494009017944336,288.0683288574219,1.0,
SM,breakout,2016-06-03,2016-06-09,28.7568,28.6343,9,4,-0.43,-0.17,-0.023,갭하락 손절,24.0,22.321414947509766,288.0683288574219,1.0,
REI,breakout,2016-06-02,2016-06-10,8.4,8.4,41,6,13.62,3.94,0.647,손절,10.0,18.47672462463379,67.08594512939453,2.0,
HL,breakout,2016-06-10,2016-06-13,4.5351,4.2695,79,1,-24.12,-6.7,-1.149,손절,16.0,23.759735107421875,84.04669952392578,3.0,
QUAD,breakout,2016-05-27,2016-06-21,12.4471,14.0706,15,16,13.25,7.06,1.411,SMA10 이탈,11.0,12.34494400024414,53.085411071777344,2.0,
RYZ,breakout,2016-06-21,2016-06-27,14.1088,13.4034,24,4,-15.79,-4.64,-0.755,갭하락 손절,10.0,17.04461669921875,197.9361572265625,1.0,
BVN,breakout,2016-07-06,2016-07-12,11.3983,11.3983,30,4,3.3,0.96,0.161,손절,16.0,24.011898040771484,52.741539001464844,1.0,
WVE,breakout,2016-07-12,2016-07-18,22.95,22.89,16,4,-4.34,-1.18,-0.145,갭하락 손절,14.0,23.719680786132812,91.52823638916016,2.0,
RYZ,breakout,2016-07-18,2016-07-19,17.3186,16.3178,21,1,-24.2,-6.62,-1.151,손절,10.0,17.32379150390625,102.76546478271484,1.0,
EZPW,breakout,2016-06-30,2016-07-20,7.5,9.32,45,13,41.7,12.3,2.349,SMA10 이탈,16.0,19.808303833007812,100.0,1.0,
AMD,breakout,2016-07-18,2016-07-21,5.4,5.1006,26,3,-9.01,-6.39,-1.158,손절,16.0,16.1290283203125,60.465110778808594,2.0,
CLF,breakout,2016-07-27,2016-07-28,7.8595,7.3252,43,1,-25.91,-7.63,-1.128,손절,10.0,22.390317916870117,173.646240234375,1.0,
DRD,breakout,2016-08-01,2016-08-05,6.047,5.8983,54,4,-5.03,-1.53,-0.191,갭하락 손절,14.0,23.768091201782227,108.06450653076172,2.0,
AG,breakout,2016-08-02,2016-08-08,17.9645,17.5112,18,4,-10.5,-3.23,-0.596,갭하락 손절,13.0,24.10224723815918,71.20161437988281,1.0,
NVRI,breakout,2016-08-05,2016-08-12,10.61,10.61,30,5,-1.82,-0.57,-0.105,손절,10.0,14.57883071899414,72.63338470458984,2.0,
BTG,breakout,2016-08-02,2016-08-15,2.5813,2.6289,3,9,0.1,1.33,0.262,SMA10 이탈,13.0,22.180438995361328,76.57142639160156,2.0,
BOOT,breakout,2016-08-18,2016-08-31,11.76,12.38,27,9,17.01,5.33,1.015,SMA10 이탈,15.0,24.050640106201172,46.495948791503906,2.0,
AMD,breakout,2016-08-18,2016-08-31,6.98,7.4,46,9,22.53,6.98,1.344,SMA10 이탈,16.0,13.495933532714844,75.92137145996094,1.0,
ONIT,breakout,2016-08-31,2016-09-01,55.35,51.3893,6,1,-26.65,-7.99,-1.121,손절,10.0,19.417476654052734,166.66665649414062,2.0,
PBYI,breakout,2016-08-23,2016-09-02,55.45,57.48,6,8,9.58,2.87,0.483,SMA10 이탈,15.0,23.921310424804688,84.2981185913086,1.0,
CC,breakout,2016-09-02,2016-09-09,9.8243,9.594,33,4,-7.96,-2.44,-0.473,갭하락 손절,12.0,13.372087478637695,115.25471496582031,1.0,
SCYX,breakout,2016-09-09,2016-09-13,252.0,230.7936,1,2,-23.38,-9.24,-1.102,손절,10.0,20.229005813598633,89.6551742553711,1.0,
PBYI,breakout,2016-09-12,2016-09-16,61.24,60.35,5,4,-6.75,-2.19,-0.39,갭하락 손절,11.0,11.284756660461426,124.57266235351562,2.0,
NERV,breakout,2016-09-15,2016-09-26,109.2,109.2,2,7,3.85,1.75,0.318,손절,16.0,17.167377471923828,46.05543518066406,1.0,
AVXL,ep,2016-09-28,2016-09-29,4.131,3.8628,76,1,-23.12,-7.33,-1.134,손절,,,,,29.0
ONIT,breakout,2016-09-30,2016-10-07,55.35,55.35,5,5,6.77,2.43,0.446,손절,20.0,16.03772735595703,154.79452514648438,1.0,
LPCN,ep,2016-10-07,2016-10-12,90.168,82.4037,1,3,-8.54,-9.43,-1.1,손절,,,,,24.7
BZUN,breakout,2016-10-05,2016-10-13,16.62,16.62,20,6,15.72,4.71,0.756,손절,11.0,14.226806640625,132.99269104003906,1.0,
AUPH,ep,2016-09-30,2016-10-14,3.06,4.16,99,10,100.21,32.93,6.186,SMA10 이탈,,,,,13.6
MOMO,breakout,2016-10-25,2016-10-27,16.293,15.314,22,2,-24.67,-6.85,-1.145,손절,10.0,19.201766967773438,79.0994644165039,2.0,
ONIT,breakout,2016-11-17,2016-11-23,75.15,75.15,4,4,-0.32,-0.1,-0.016,손절,13.0,20.43268585205078,41.82389831542969,1.0,
ESEA,ep,2016-11-23,2016-11-25,13.0063,11.7057,26,1,-36.71,-10.81,-1.085,손절,,,,,36.8
ONIT,breakout,2016-11-28,2016-11-29,78.15,74.2347,4,1,-18.4,-5.86,-1.175,손절,10.0,14.822996139526367,51.818180084228516,1.0,
NVRI,breakout,2016-11-30,2016-12-06,14.1,14.1,22,4,-2.24,-0.72,-0.137,손절,10.0,17.50000762939453,47.887325286865234,5.0,
ARCB,breakout,2016-12-01,2016-12-12,29.054,29.054,10,7,-1.22,-0.42,-0.073,손절,10.0,12.43242073059082,63.19339370727539,4.0,
SXC,breakout,2016-12-07,2016-12-12,9.1058,8.6126,35,3,-20.05,-6.26,-1.162,손절,14.0,15.168058395385742,94.10860443115234,1.0,
CXW,breakout,2016-12-01,2016-12-16,17.0298,17.8635,2,11,1.23,3.59,0.69,SMA10 이탈,14.0,19.477821350097656,74.59581756591797,6.0,
GSAT,ep,2016-12-22,2016-12-27,27.387,24.8413,11,2,-30.59,-10.11,-1.092,손절,,,,,21.8
IONS,breakout,2016-12-15,2016-12-29,48.48,48.48,6,9,7.66,2.62,0.473,손절,20.0,19.203353881835938,97.72171783447266,1.0,
BCRX,breakout,2016-12-19,2016-12-29,6.34,6.34,49,7,-1.36,-0.44,-0.074,손절,17.0,24.313735961914062,64.80000305175781,2.0,
HOFT,breakout,2016-12-29,2017-01-05,26.2972,26.2972,11,4,2.89,1.0,0.195,손절,10.0,18.74201202392578,43.928707122802734,3.0,
ONIT,breakout,2017-01-04,2017-01-09,89.1,84.3773,3,3,-16.51,-6.15,-1.165,손절,15.0,15.339803695678711,75.71428680419922,1.0,
BCRX,breakout,2017-01-06,2017-01-09,7.2,6.6876,5,1,-2.87,-7.95,-1.122,손절,11.0,17.073165893554688,101.60000610351562,1.0,
BCRX,breakout,2017-01-09,2017-01-10,7.26,6.4,39,1,-35.94,-12.64,-1.788,갭하락 손절,12.0,17.39836883544922,101.60000610351562,2.0,
SND,breakout,2017-01-12,2017-01-13,16.5331,15.6491,16,1,-16.46,-6.2,-1.164,손절,10.0,22.69257354736328,65.04853820800781,4.0,
WTI,breakout,2017-01-06,2017-01-18,3.0245,3.015,97,7,-1.74,-0.59,-0.068,갭하락 손절,10.0,23.643421173095703,164.88546752929688,5.0,
CVEO,breakout,2017-01-20,2017-01-23,29.5705,28.0247,8,1,-14.44,-6.08,-1.168,손절,25.0,21.559619903564453,160.18521118164062,2.0,
CRNT,breakout,2017-02-01,2017-02-07,3.81,3.73,67,4,-8.65,-3.37,-0.434,갭하락 손절,16.0,18.01241683959961,75.56561279296875,2.0,
AAOI,breakout,2017-02-03,2017-02-08,32.56,30.7868,7,3,-14.41,-6.29,-1.161,손절,11.0,10.748302459716797,44.469844818115234,3.0,
AEHR,ep,2017-02-09,2017-02-10,3.3864,3.078,75,1,-25.31,-9.92,-1.094,손절,,,,,10.7
NAK,breakout,2017-02-10,2017-02-14,3.2,2.9347,74,2,-21.68,-9.11,-1.104,손절,12.0,16.363632202148438,202.631591796875,5.0,
UUUU,breakout,2017-02-14,2017-02-16,2.53,2.3698,92,2,-16.77,-7.17,-1.138,손절,13.0,24.257421493530273,99.22480773925781,2.0,
EXEL,breakout,2017-02-07,2017-02-23,20.75,21.74,11,11,10.82,4.72,0.882,SMA10 이탈,15.0,24.10287857055664,35.72433090209961,4.0,
AMD,breakout,2017-02-28,2017-03-01,15.45,14.6434,14,1,-13.19,-6.07,-1.168,손절,13.0,21.825397491455078,51.4862060546875,1.0,
AAOI,breakout,2017-02-10,2017-03-14,32.79,48.19,3,21,20.78,21.03,3.878,SMA10 이탈,12.0,11.530613899230957,48.811710357666016,1.0,
HIMX,breakout,2017-03-09,2017-03-15,5.4829,5.4622,31,4,-2.17,-1.27,-0.214,갭하락 손절,10.0,18.12778663635254,55.94260787963867,3.0,
FATE,breakout,2017-03-09,2017-03-16,4.46,4.46,50,5,3.97,1.77,0.226,손절,10.0,15.844154357910156,97.91666412353516,5.0,
GSIT,breakout,2017-03-15,2017-03-24,8.0,8.58,28,7,19.31,8.58,1.707,SMA10 이탈,15.0,19.76047706604004,34.40860366821289,3.0,
XBIT,breakout,2017-03-21,2017-03-28,14.4671,14.4671,16,5,12.81,5.51,1.005,손절,10.0,20.617830276489258,63.78205871582031,2.0,
HIMX,breakout,2017-03-15,2017-03-30,5.538,6.007,19,11,8.88,8.41,1.417,SMA10 이탈,14.0,19.31649398803711,55.94260787963867,2.0,
RIGL,breakout,2017-03-24,2017-04-04,30.7,30.7,8,7,8.14,3.3,0.43,손절,11.0,18.532825469970703,53.60824966430664,2.0,
HCM,breakout,2017-03-30,2017-04-04,20.91,19.3525,12,3,-20.86,-8.28,-1.116,손절,10.0,13.027024269104004,72.50397491455078,1.0,
DSX,breakout,2017-04-05,2017-04-18,2.8658,2.9705,82,8,28.25,11.97,1.998,SMA10 이탈,12.0,17.142831802368164,33.42857360839844,3.0,
MOMO,breakout,2017-04-10,2017-04-26,21.9301,21.9301,11,11,5.07,2.09,0.383,손절,14.0,15.924382209777832,66.09382629394531,1.0,
FLNT,breakout,2017-05-11,2017-05-17,35.1,33.6,7,4,-11.47,-4.65,-0.697,갭하락 손절,19.0,21.875,87.30159759521484,1.0,
MDXG,breakout,2017-05-16,2017-05-17,15.34,14.4929,11,1,-10.8,-6.37,-1.158,손절,10.0,24.816930770874023,76.9521484375,2.0,
UPLD,breakout,2017-05-15,2017-05-26,216.3,223.4,1,9,5.12,2.36,0.42,SMA10 이탈,11.0,19.568824768066406,78.42144775390625,1.0,
PI,breakout,2017-05-24,2017-05-31,46.22,45.55,5,4,-5.97,-2.57,-0.363,갭하락 손절,12.0,24.31415367126465,59.455535888671875,3.0,
EHTH,breakout,2017-05-26,2017-06-02,18.47,18.47,13,4,-1.68,-0.7,-0.132,손절,13.0,10.268651962280273,73.294921875,2.0,
TTD,breakout,2017-05-31,2017-06-06,5.517,5.517,43,4,-1.0,-0.42,-0.074,손절,10.0,15.6846284866333,56.65420150756836,3.0,
DAIO,breakout,2017-06-01,2017-06-06,8.48,7.9324,13,3,-8.08,-7.3,-1.135,손절,10.0,20.970035552978516,84.53865051269531,3.0,
AAOI,breakout,2017-06-02,2017-06-08,72.95,71.73,1,4,-1.87,-2.55,-0.393,갭하락 손절,13.0,23.72795295715332,66.36048889160156,4.0,
TDOC,breakout,2017-06-06,2017-06-09,33.35,31.4593,7,3,-15.28,-6.51,-1.154,손절,17.0,22.161174774169922,48.5611572265625,2.0,
PI,breakout,2017-06-09,2017-06-12,49.69,42.0,4,1,-32.41,-16.23,-3.03,갭하락 손절,10.0,15.558135986328125,70.92857360839844,1.0,
OCUL,breakout,2017-06-09,2017-06-12,11.56,10.7,19,1,-18.24,-8.27,-1.27,갭하락 손절,15.0,17.241382598876953,44.07007598876953,2.0,
PI,breakout,2017-06-16,2017-06-27,49.8,53.15,4,7,14.55,7.27,1.145,SMA10 이탈,15.0,23.267316818237305,70.92857360839844,1.0,
DMRC,breakout,2017-06-22,2017-06-28,39.95,39.95,5,4,-0.2,-0.1,-0.017,손절,16.0,22.73426055908203,42.30768585205078,1.0,
OPCH,breakout,2017-06-27,2017-06-29,11.2,10.4658,18,2,-14.97,-7.39,-1.133,손절,10.0,18.64406967163086,85.9259262084961,2.0,
PBYI,breakout,2017-06-26,2017-06-30,87.85,87.0,1,4,-1.64,-1.85,-0.333,갭하락 손절,14.0,14.537155151367188,224.51498413085938,1.0,
PTCT,breakout,2017-06-28,2017-07-05,18.69,18.69,6,4,-0.53,-0.47,-0.087,손절,10.0,15.228116989135742,68.31537628173828,4.0,
LNTH,breakout,2017-06-30,2017-07-07,17.75,17.75,11,4,2.42,1.24,0.241,손절,27.0,21.57534408569336,63.84978485107422,4.0,
PTCT,breakout,2017-07-05,2017-07-11,19.35,18.84,10,4,-6.92,-3.56,-0.661,갭하락 손절,10.0,15.0416259765625,65.53990936279297,1.0,
MRAM,breakout,2017-07-10,2017-07-18,23.32,23.32,8,6,0.79,0.42,0.042,손절,10.0,24.373329162597656,160.54351806640625,1.0,
AXSM,breakout,2017-07-13,2017-07-18,6.1,5.5894,33,3,-18.59,-9.19,-1.103,손절,10.0,20.79206657409668,62.40000915527344,2.0,
SB,breakout,2017-07-13,2017-07-20,2.0749,2.0749,50,5,0.27,0.26,0.038,손절,10.0,13.333332061767578,40.11299514770508,1.0,
DAIO,breakout,2017-07-18,2017-07-24,9.28,9.28,20,4,-0.38,-0.2,-0.031,손절,15.0,22.913896560668945,105.48246002197266,6.0,
RH,breakout,2017-07-18,2017-07-26,71.4,71.4,1,6,-0.64,-0.9,-0.153,손절,12.0,20.771312713623047,63.02987289428711,7.0,
NVCR,breakout,2017-07-27,2017-08-02,20.025,19.8,9,4,-4.04,-2.23,-0.41,갭하락 손절,10.0,13.135587692260742,96.83257293701172,5.0,
BOOT,ep,2017-08-02,2017-08-03,9.2208,8.6186,21,1,-14.33,-7.37,-1.133,손절,,,,,15.6
JKS,breakout,2017-08-08,2017-08-10,22.3406,21.1995,8,2,-10.7,-5.96,-1.172,손절,10.0,13.09756088256836,65.26315307617188,1.0,
IPI,breakout,2017-07-27,2017-08-16,29.4,33.8,6,14,14.24,8.04,1.154,SMA10 이탈,10.0,12.643671035766602,45.3202018737793,2.0,
CYRX,breakout,2017-08-11,2017-08-23,7.18,7.18,25,8,5.67,3.15,0.489,손절,11.0,12.012481689453125,133.11688232421875,1.0,
CSTM,breakout,2017-08-23,2017-08-29,10.45,10.2,17,4,-5.43,-3.04,-0.423,갭하락 손절,10.0,9.884321212768555,65.90908813476562,1.0,
CLMT,breakout,2017-08-30,2017-09-13,6.95,7.9,12,9,11.2,13.36,1.889,SMA10 이탈,10.0,14.876031875610352,74.68354797363281,2.0,
PACB,breakout,2017-08-24,2017-09-20,4.46,5.39,41,18,25.96,14.13,2.095,SMA10 이탈,11.0,14.358973503112793,53.8961067199707,3.0,
NXH,breakout,2017-08-29,2017-09-20,21.1,24.4,9,15,28.65,15.02,2.206,SMA10 이탈,11.0,14.986371994018555,41.608394622802734,4.0,
NTLA,breakout,2017-09-18,2017-09-27,22.88,22.88,8,7,9.78,5.32,0.848,손절,10.0,11.284041404724121,52.10380554199219,1.0,
CYRX,breakout,2017-09-22,2017-09-29,9.83,9.83,22,5,-1.18,-0.54,-0.082,손절,10.0,18.007205963134766,86.66666412353516,1.0,
IPI,breakout,2017-10-03,2017-10-04,44.6,42.3458,3,1,-7.94,-5.9,-1.174,손절,10.0,11.500000953674316,55.88235855102539,2.0,
CLMT,breakout,2017-09-29,2017-10-12,8.4,8.4,26,9,-0.02,-0.01,-0.002,손절,18.0,13.513505935668945,127.50000762939453,1.0,
WPRT,breakout,2017-09-28,2017-10-13,31.2,33.7,7,11,17.45,7.95,1.319,SMA10 이탈,11.0,18.18182373046875,92.81045532226562,3.0,
FENG,breakout,2017-10-12,2017-10-13,10.1779,9.4819,23,1,-18.04,-7.67,-1.127,손절,15.0,15.329778671264648,159.84556579589844,1.0,
TGB,breakout,2017-10-04,2017-10-17,2.11,2.23,107,9,13.44,5.93,0.919,SMA10 이탈,15.0,25.0,64.0,4.0,
MDGL,breakout,2017-10-13,2017-10-17,51.53,46.377,4,2,-22.37,-10.81,-1.085,손절,10.0,23.989402770996094,220.05174255371094,2.0,
OPTT,ep,2017-10-18,2017-10-19,34.68,28.0,4,1,-27.85,-19.99,-2.374,갭하락 손절,,,,,18.1
ASYS,breakout,2017-10-13,2017-10-23,13.3,13.3,9,6,5.29,4.4,0.815,손절,17.0,21.23974609375,60.63960647583008,5.0,
QURE,ep,2017-10-19,2017-10-30,12.393,15.42,9,7,39.5,35.25,4.181,SMA10 이탈,,,,,28.3
NC,breakout,2017-10-18,2017-11-01,30.4081,32.5569,7,10,16.45,7.69,1.111,SMA10 이탈,11.0,19.808340072631836,142.34593200683594,1.0,
CDNA,breakout,2017-11-06,2017-11-07,6.09,5.7445,37,1,-14.75,-6.52,-1.154,손절,21.0,14.689266204833984,403.00750732421875,1.0,
PLSE,breakout,2017-11-08,2017-11-14,27.23,27.12,8,4,-2.72,-1.24,-0.146,갭하락 손절,10.0,21.02222442626953,153.79676818847656,4.0,
NC,breakout,2017-11-13,2017-11-27,35.3139,35.3139,6,9,1.24,0.58,0.104,손절,14.0,24.177433013916016,183.41720581054688,1.0,
RCKY,breakout,2017-11-20,2017-11-27,16.4033,16.2893,13,4,-1.9,-0.89,-0.136,갭하락 손절,14.0,21.538471221923828,57.03125,2.0,
HLIT,breakout,2017-11-21,2017-11-28,4.25,4.25,28,4,1.72,1.44,0.216,손절,10.0,18.055557250976562,39.28572082519531,2.0,
GDS,breakout,2017-12-04,2017-12-05,20.51,19.4339,10,1,-12.56,-6.1,-1.167,손절,13.0,10.685372352600098,94.39251708984375,1.0,
CERS,breakout,2017-12-04,2017-12-05,3.98,3.75,33,1,-8.74,-6.62,-1.168,갭하락 손절,13.0,15.362321853637695,56.37858963012695,3.0,
VTGN,ep,2017-12-07,2017-12-08,61.506,55.3554,3,1,-20.03,-10.81,-1.085,손절,,,,,11.7
BOOT,breakout,2017-11-28,2017-12-12,14.32,14.9,15,10,2.67,1.24,0.201,SMA10 이탈,10.0,23.98267936706543,67.91044616699219,2.0,
RH,breakout,2017-12-06,2017-12-12,105.94,102.73,1,4,-4.15,-3.9,-0.74,갭하락 손절,11.0,10.285245895385742,57.1574821472168,1.0,
SVRA,breakout,2017-12-11,2017-12-26,14.24,15.23,13,10,9.83,5.29,0.849,SMA10 이탈,10.0,20.797956466674805,57.324851989746094,1.0,
NGVC,breakout,2017-12-15,2017-12-29,6.0336,6.2797,16,9,2.04,2.11,0.321,SMA10 이탈,11.0,13.492035865783691,69.93736267089844,1.0,
COLL,breakout,2017-12-26,2018-01-02,19.27,18.51,10,4,-9.55,-4.93,-0.742,갭하락 손절,13.0,16.787887573242188,132.18646240234375,1.0,
SPWH,breakout,2017-12-14,2018-01-04,5.74,6.1,35,13,6.97,3.45,0.513,SMA10 이탈,10.0,18.106985092163086,43.279563903808594,2.0,
ARGX,breakout,2018-01-02,2018-01-04,64.25,59.4283,3,2,-16.13,-8.33,-1.115,손절,10.0,19.14032745361328,211.86404418945312,1.0,
ARGX,breakout,2018-01-09,2018-01-10,66.03,60.6796,3,1,-17.76,-8.93,-1.107,손절,15.0,22.441028594970703,211.86404418945312,2.0,
FLNT,ep,2018-01-10,2018-01-11,36.72,29.7,5,1,-36.59,-19.84,-2.506,갭하락 손절,,,,,17.6
TNDM,ep,2018-01-10,2018-01-11,3.7026,3.388,38,1,-13.17,-9.32,-1.101,손절,,,,,26.9
VKTX,breakout,2018-01-02,2018-01-12,4.4,4.74,24,8,10.4,9.8,0.985,SMA10 이탈,13.0,20.21857452392578,114.00000762939453,2.0,
SGRY,breakout,2018-01-11,2018-01-23,14.55,14.8,11,7,8.17,5.08,0.757,SMA10 이탈,11.0,21.249998092651367,79.92958068847656,2.0,
SKY,breakout,2018-01-25,2018-01-30,22.575,20.6118,7,3,-15.1,-9.51,-1.099,손절,10.0,16.48514175415039,118.84956359863281,2.0,
LX,breakout,2018-01-25,2018-01-31,12.5757,12.2533,13,4,-6.33,-3.86,-0.412,갭하락 손절,14.0,21.243488311767578,1701.9703369140625,1.0,
CRK,breakout,2018-01-26,2018-02-01,9.565,9.2996,1,4,-0.35,-3.65,-0.649,갭하락 손절,14.0,20.98320770263672,77.6340103149414,2.0,
ATOS,ep,2018-01-31,2018-02-01,128.52,115.668,1,1,-13.95,-10.81,-1.085,손절,,,,,29.6
CAPR,ep,2018-02-05,2018-02-06,22.44,17.5,6,1,-30.72,-22.71,-2.496,갭하락 손절,,,,,15.2
BXC,breakout,2018-02-20,2018-02-21,17.19,16.0724,7,1,-8.87,-7.34,-1.134,손절,12.0,21.31262969970703,82.88190460205078,2.0,
BXC,breakout,2018-02-21,2018-02-22,17.54,16.12,7,1,-11.0,-8.92,-1.376,갭하락 손절,13.0,23.78264617919922,82.88190460205078,1.0,
IOVA,breakout,2018-02-22,2018-02-23,18.3,16.7838,6,1,-10.04,-9.11,-1.104,손절,10.0,16.932905197143555,119.74523162841797,1.0,
QURE,breakout,2018-03-05,2018-03-06,26.75,25.65,4,1,-5.34,-4.97,-0.727,SMA10 이탈,10.0,12.774038314819336,52.30401611328125,2.0,
HMY,breakout,2018-03-06,2018-03-07,2.0645,1.9723,57,1,-6.29,-5.32,-0.92,SMA10 이탈,10.0,10.344815254211426,33.742332458496094,3.0,
EGAN,breakout,2018-03-07,2018-03-09,7.99,7.8,14,2,-3.65,-3.25,-0.366,SMA10 이탈,11.0,14.964032173156738,75.82416534423828,1.0,
TGTX,breakout,2018-03-09,2018-03-12,17.1,15.9096,6,1,-8.03,-7.8,-1.125,손절,11.0,24.723243713378906,76.82926940917969,4.0,
TWLO,breakout,2018-03-07,2018-03-13,38.99,38.99,2,4,1.31,1.67,0.318,손절,10.0,20.89922332763672,45.720436096191406,4.0,
IOVA,breakout,2018-03-13,2018-03-14,19.6,17.65,5,1,-10.59,-10.76,-1.565,갭하락 손절,12.0,20.615386962890625,147.77072143554688,4.0,
VIRT,breakout,2018-03-08,2018-03-15,23.8023,23.8023,1,5,-0.21,-0.9,-0.125,손절,10.0,17.23858070373535,90.47613525390625,2.0,
QNST,breakout,2018-03-21,2018-03-27,14.38,14.38,7,4,-0.43,-0.42,-0.081,손절,16.0,17.48366355895996,68.32524871826172,1.0,
SNDX,breakout,2018-04-03,2018-04-05,14.96,13.5359,7,2,-10.87,-10.33,-1.09,손절,10.0,16.783761978149414,73.88235473632812,1.0,
TUSK,breakout,2018-04-04,2018-04-11,31.5303,31.5303,2,5,0.57,0.9,0.146,손절,14.0,17.922460556030273,80.43943786621094,2.0,
RDNT,breakout,2018-04-09,2018-04-13,14.55,14.45,7,4,-1.61,-1.58,-0.312,갭하락 손절,10.0,9.398496627807617,46.63212203979492,1.0,
EGAN,breakout,2018-04-13,2018-04-16,9.13,8.5869,10,1,-6.23,-6.79,-1.147,손절,11.0,24.217689514160156,84.7826156616211,3.0,
ALNT,breakout,2018-04-16,2018-04-20,27.2138,26.708,3,4,-2.1,-2.56,-0.385,갭하락 손절,17.0,14.672136306762695,52.0655517578125,1.0,
SSTI,breakout,2018-03-27,2018-04-23,26.77,31.59,3,18,6.94,8.61,1.698,SMA10 이탈,10.0,23.87783432006836,44.710205078125,4.0,
TNDM,breakout,2018-04-26,2018-04-27,7.75,7.05,8,1,-6.13,-9.85,-1.098,갭하락 손절,10.0,17.069482803344727,253.3333282470703,2.0,
BXC,breakout,2018-04-12,2018-04-30,37.0,40.22,2,12,5.09,6.84,0.985,SMA10 이탈,16.0,22.719741821289062,209.9120635986328,1.0,
HRTX,breakout,2018-04-25,2018-04-30,31.75,30.3,3,3,-5.19,-5.42,-0.965,SMA10 이탈,25.0,22.586870193481445,67.26343536376953,4.0,
VCEL,breakout,2018-04-30,2018-05-04,13.3,13.1,7,4,-2.43,-2.6,-0.295,갭하락 손절,11.0,18.75,95.55555725097656,2.0,
SKY,breakout,2018-05-08,2018-05-22,25.3093,27.5639,2,10,4.28,8.42,1.504,SMA10 이탈,16.0,12.686883926391602,36.231876373291016,2.0,
ARWR,breakout,2018-05-08,2018-06-07,7.78,10.37,12,21,27.17,28.98,5.403,SMA10 이탈,28.0,24.281143188476562,69.60167694091797,1.0,
STAA,breakout,2018-05-23,2018-06-07,27.1,29.3,4,10,6.89,6.33,1.106,SMA10 이탈,11.0,22.624433517456055,68.23527526855469,1.0,
SSTI,breakout,2018-06-07,2018-06-25,33.55,38.03,1,12,4.16,12.34,2.431,SMA10 이탈,35.0,23.22150421142578,98.14923858642578,2.0,
GPRK,breakout,2018-06-07,2018-06-26,13.8593,15.9668,9,13,15.36,12.26,2.327,SMA10 이탈,10.0,15.57046127319336,48.403324127197266,5.0,
TNDM,breakout,2018-05-02,2018-07-02,8.2,21.395,11,42,66.84,73.77,8.23,SMA10 이탈,14.0,23.8670711517334,253.3333282470703,4.0,
XENE,breakout,2018-06-28,2018-07-05,9.15,9.15,17,4,1.39,0.89,0.102,손절,10.0,21.417200088500977,97.77777099609375,2.0,
CVNA,breakout,2018-07-05,2018-07-11,8.868,8.68,17,4,-3.36,-2.22,-0.301,갭하락 손절,11.0,21.47945213317871,88.13980865478516,2.0,
VNCE,breakout,2018-07-10,2018-07-11,18.0,16.87,5,1,-6.43,-7.12,-1.139,손절,12.0,19.52190399169922,99.76904296875,1.0,
PI,breakout,2018-07-06,2018-07-13,23.55,23.55,6,5,0.07,0.05,0.008,손절,10.0,13.823091506958008,100.90753936767578,1.0,
CRK,breakout,2018-07-11,2018-07-16,10.7499,10.2043,14,3,-8.96,-5.93,-1.173,손절,26.0,19.242895126342773,159.42349243164062,1.0,
COGT,breakout,2018-07-16,2018-07-17,65.88,60.24,2,1,-12.42,-9.38,-1.149,갭하락 손절,16.0,23.55588722229004,58.969581604003906,4.0,
PI,breakout,2018-07-17,2018-07-23,24.52,24.52,5,4,-0.19,-0.15,-0.026,손절,17.0,18.511354446411133,100.90753936767578,1.0,
PAR,breakout,2018-07-19,2018-07-25,18.71,18.4,7,4,-3.62,-2.75,-0.505,갭하락 손절,12.0,18.342817306518555,34.40538787841797,3.0,
PI,breakout,2018-07-24,2018-07-25,25.75,23.96,5,1,-10.07,-7.79,-1.31,갭하락 손절,10.0,15.782380104064941,48.90509796142578,2.0,
TNDM,breakout,2018-07-12,2018-07-27,24.59,24.59,3,11,4.13,5.58,0.599,손절,12.0,22.460163116455078,264.28570556640625,4.0,
NTRA,breakout,2018-08-01,2018-08-07,24.069,23.89,5,4,-2.27,-1.88,-0.287,갭하락 손절,13.0,13.801420211791992,111.81173706054688,2.0,
INSP,breakout,2018-08-08,2018-08-09,49.03,45.9214,2,1,-7.07,-7.18,-1.137,손절,20.0,21.753156661987305,86.79841613769531,3.0,
NTRA,breakout,2018-08-13,2018-08-15,25.63,24.1622,5,2,-8.46,-6.57,-1.153,손절,14.0,15.450441360473633,113.75665283203125,2.0,
CHRS,breakout,2018-08-13,2018-08-15,19.25,18.4,3,2,-3.06,-5.27,-0.984,SMA10 이탈,10.0,10.000001907348633,41.007198333740234,1.0,
RFIL,breakout,2018-08-20,2018-08-30,10.9086,10.9086,12,8,4.96,3.77,0.583,손절,12.0,14.948474884033203,93.11099243164062,1.0,
CVNA,breakout,2018-08-08,2018-09-06,9.6,11.792,14,20,21.93,16.24,3.213,SMA10 이탈,21.0,19.611263275146484,104.70404815673828,2.0,
TNDM,breakout,2018-08-21,2018-09-17,36.23,40.18,1,18,3.61,9.91,1.21,SMA10 이탈,10.0,22.81355857849121,119.18604278564453,2.0,
ROKU,breakout,2018-09-13,2018-09-19,71.937,71.937,2,4,-1.16,-0.8,-0.159,손절,11.0,23.581850051879883,59.01356887817383,2.0,
GSHD,breakout,2018-08-30,2018-09-24,27.2323,30.7385,5,16,13.15,9.62,1.592,SMA10 이탈,29.0,24.90624237060547,92.42716979980469,3.0,
ALT,ep,2018-09-20,2018-09-24,20.0022,17.02,7,2,-22.04,-15.67,-1.574,갭하락 손절,,,,,19.1
CDNA,breakout,2018-09-26,2018-10-02,28.46,27.94,4,4,-3.1,-2.71,-0.406,갭하락 손절,11.0,23.739124298095703,132.44723510742188,1.0,
ALDX,ep,2018-09-26,2018-10-04,12.597,12.597,10,6,1.12,0.89,0.128,손절,,,,,24.7
LGO,breakout,2018-09-17,2018-10-09,22.3,27.0,2,16,4.78,10.66,1.711,SMA10 이탈,17.0,17.368412017822266,105.50458526611328,1.0,
ALTO,ep,2018-10-09,2018-10-10,3.0702,2.7632,45,1,-15.0,-10.81,-1.085,손절,,,,,11.9
GOGO,breakout,2018-10-16,2018-10-22,5.93,5.93,22,4,-0.41,-0.31,-0.057,손절,16.0,17.425739288330078,62.8169059753418,1.0,
ACAD,breakout,2018-10-19,2018-10-22,23.2,21.7734,5,1,-8.14,-6.99,-1.142,손절,15.0,18.0661678314209,74.00154876708984,1.0,
GOGO,breakout,2018-10-22,2018-10-23,6.52,6.0,19,1,-10.95,-8.8,-1.444,갭하락 손절,11.0,22.55638885498047,54.22626876831055,1.0,
PLAG,ep,2018-10-24,2018-10-25,77.52,60.0,1,1,-18.14,-23.29,-2.34,갭하락 손절,,,,,22.6
PSHG,ep,2018-10-29,2018-11-02,30.0115,30.0115,1,4,-0.27,-0.9,-0.09,손절,,,,,13.6
VCYT,ep,2018-10-30,2018-11-12,11.169,13.43,5,9,12.28,21.9,3.84,SMA10 이탈,,,,,16.0
IDT,breakout,2018-11-12,2018-11-13,8.1023,7.6342,8,1,-4.31,-6.62,-1.151,손절,20.0,19.610774993896484,59.44883728027344,1.0,
SONO,ep,2018-11-16,2018-11-19,17.289,15.13,3,1,-6.91,-13.27,-2.044,갭하락 손절,,,,,19.7
VCEL,breakout,2018-11-26,2018-11-27,17.32,16.129,3,1,-4.02,-7.71,-1.126,손절,10.0,11.814069747924805,66.60323333740234,1.0,
FORM,breakout,2018-11-29,2018-12-04,16.25,15.58,2,3,-1.63,-4.98,-0.814,SMA10 이탈,17.0,20.103477478027344,47.89103317260742,4.0,
VCEL,breakout,2018-12-04,2018-12-06,18.5,16.97,3,1,-5.07,-9.09,-1.372,갭하락 손절,16.0,19.431888580322266,66.60323333740234,1.0,
FLNT,breakout,2018-12-07,2018-12-13,23.52,22.44,2,4,-1.8,-3.8,-0.473,갭하락 손절,14.0,16.666675567626953,95.3846206665039,1.0,
JKS,ep,2018-11-26,2018-12-14,8.1675,8.729,7,13,4.5,7.83,1.023,SMA10 이탈,,,,,13.1
EXEL,breakout,2018-11-28,2018-12-14,18.99,21.03,3,11,6.52,11.39,2.151,SMA10 이탈,16.0,20.58635902404785,43.07005310058594,4.0,
HTT,ep,2018-12-13,2018-12-14,6.426,5.9691,9,1,-4.61,-7.94,-1.122,손절,,,,,19.8
AGEN,ep,2018-12-20,2018-12-21,56.055,49.6565,1,1,-6.87,-12.21,-1.492,갭하락 손절,,,,,39.3
ADEA,breakout,2018-12-28,2019-01-04,6.2665,6.2433,8,4,-1.02,-2.03,-0.377,갭하락 손절,11.0,14.268755912780762,64.8115005493164,1.0,
LOMA,breakout,2019-01-08,2019-01-17,7.663,7.9771,6,7,2.56,5.54,1.041,SMA10 이탈,32.0,23.263168334960938,59.731529235839844,1.0,
ADEA,breakout,2019-01-04,2019-01-22,6.3861,6.8078,8,11,3.24,6.32,1.154,SMA10 이탈,15.0,16.448747634887695,64.8115005493164,1.0,
VHC,ep,2019-01-15,2019-01-28,26.3393,30.1658,2,8,9.36,17.7,1.778,SMA10 이탈,,,,,13.7
FLNT,breakout,2019-01-24,2019-01-28,28.44,26.82,1,2,-1.87,-6.54,-1.027,SMA10 이탈,11.0,17.037046432495117,86.93877410888672,1.0,
DNLI,breakout,2019-01-23,2019-01-29,21.85,20.53,2,4,-2.19,-4.98,-0.799,갭하락 손절,25.0,20.596349716186523,56.676353454589844,2.0,
GGAL,breakout,2019-01-28,2019-02-06,25.9233,26.4298,2,7,1.3,2.49,0.484,SMA10 이탈,11.0,12.471759796142578,46.99525833129883,2.0,
DOMO,breakout,2019-01-31,2019-02-06,27.53,27.35,2,4,-0.74,-1.35,-0.209,갭하락 손절,11.0,22.165525436401367,78.23795318603516,1.0,
VCYT,breakout,2019-02-01,2019-02-07,18.25,18.25,1,4,-0.16,-0.9,-0.156,손절,14.0,18.660593032836914,54.96504211425781,1.0,
ATOS,ep,2019-02-07,2019-02-08,28.458,25.2,2,1,-7.0,-12.24,-1.537,갭하락 손절,,,,,24.8
INSM,breakout,2019-02-06,2019-02-12,25.28,25.18,2,4,-0.92,-1.82,-0.32,갭하락 손절,11.0,14.54463005065918,119.62864685058594,2.0,
RIOT,ep,2019-02-19,2019-02-28,2.9988,3.2,9,7,4.55,16.77,1.684,SMA10 이탈,,,,,19.0
JKS,breakout,2019-02-19,2019-03-04,13.0436,14.7249,4,9,8.92,17.01,2.652,SMA10 이탈,10.0,12.145221710205078,82.82937622070312,2.0,
BLFS,breakout,2019-02-28,2019-03-04,18.8,17.5743,3,2,-4.17,-7.36,-1.134,손절,15.0,23.197900772094727,90.71040344238281,3.0,
DOMO,breakout,2019-02-08,2019-03-05,28.75,32.25,1,16,3.23,11.17,1.803,SMA10 이탈,12.0,16.020977020263672,107.30421447753906,1.0,
SFIX,ep,2019-03-12,2019-03-13,34.7922,32.9698,1,1,-2.13,-6.09,-1.167,손절,,,,,26.4
CYPH,ep,2019-03-18,2019-03-19,29.376,21.6,2,1,-16.01,-27.13,-2.725,갭하락 손절,,,,,28.0
TGTX,breakout,2019-03-19,2019-03-22,7.54,6.9999,6,3,-3.63,-8.0,-1.121,손절,10.0,23.67548942565918,94.8320541381836,4.0,
SE,breakout,2019-03-21,2019-03-25,24.66,23.2194,2,2,-3.31,-6.69,-1.15,손절,11.0,11.38211441040039,131.27874755859375,1.0,
CDNA,breakout,2019-03-22,2019-03-25,39.23,36.7437,1,1,-2.83,-7.18,-1.138,손절,10.0,19.73507308959961,64.14834594726562,3.0,
LXFR,breakout,2019-04-02,2019-04-08,19.6355,19.4671,1,4,-0.34,-1.75,-0.336,갭하락 손절,12.0,16.115867614746094,36.8718147277832,2.0,
VYGR,breakout,2019-04-01,2019-04-12,19.8,20.66,2,9,1.54,3.86,0.62,SMA10 이탈,10.0,13.858545303344727,155.54122924804688,1.0,
FLNT,breakout,2019-04-09,2019-04-15,37.56,37.44,1,4,-0.46,-1.21,-0.181,갭하락 손절,12.0,15.073537826538086,53.01205062866211,1.0,
JYNT,breakout,2019-03-29,2019-04-17,15.77,16.24,2,13,0.74,2.34,0.366,SMA10 이탈,13.0,16.340839385986328,90.11406707763672,3.0,
WRAP,breakout,2019-04-16,2019-04-23,7.84,7.84,6,4,-0.54,-1.15,-0.158,손절,10.0,23.809528350830078,103.3333511352539,1.0,
AXSM,breakout,2019-04-17,2019-04-24,15.723,15.723,2,4,-0.07,-0.21,-0.022,손절,14.0,23.220993041992188,120.1834716796875,2.0,
YETI,breakout,2019-04-24,2019-05-02,33.0,32.15,1,6,-1.14,-3.45,-0.597,갭하락 손절,17.0,18.491924285888672,110.9681396484375,2.0,
SNDX,breakout,2019-04-29,2019-05-03,7.15,6.98,6,4,-1.64,-3.81,-0.504,갭하락 손절,10.0,20.370376586914062,59.73451232910156,1.0,
FINV,breakout,2019-05-03,2019-05-09,3.9544,3.8075,8,4,-1.15,-3.61,-0.56,갭하락 손절,11.0,12.549805641174316,62.27745819091797,3.0,
CVNA,breakout,2019-04-23,2019-05-10,13.282,13.282,3,13,0.9,2.26,0.45,손절,13.0,14.69775390625,113.98320007324219,3.0,
VYGR,breakout,2019-05-03,2019-05-13,22.63,22.63,2,6,1.44,3.18,0.566,손절,20.0,20.822202682495117,117.27447509765625,2.0,
ADMA,breakout,2019-05-10,2019-05-13,5.36,4.77,8,1,-5.08,-11.8,-1.887,갭하락 손절,26.0,24.074077606201172,146.60157775878906,2.0,
ACMR,breakout,2019-05-14,2019-05-16,6.5,6.3133,6,2,-1.47,-3.74,-0.532,SMA10 이탈,15.0,23.41771125793457,82.15963745117188,1.0,
SVRA,breakout,2019-05-17,2019-05-20,11.835,11.1074,3,1,-2.49,-6.99,-1.142,손절,13.0,13.743400573730469,69.12850189208984,1.0,
GOGO,breakout,2019-05-14,2019-05-22,5.67,5.67,7,6,0.4,1.0,0.178,손절,10.0,15.950929641723633,33.850624084472656,2.0,
IOVA,ep,2019-05-16,2019-05-31,15.3,16.35,2,10,1.67,5.42,1.012,SMA10 이탈,,,,,33.6
ENPH,breakout,2019-05-24,2019-05-31,15.25,15.25,2,4,0.24,0.79,0.157,손절,11.0,15.617895126342773,67.09451293945312,2.0,
EVER,breakout,2019-06-06,2019-06-19,11.59,12.04,3,9,1.93,5.52,0.783,SMA10 이탈,15.0,11.657035827636719,65.70299530029297,1.0,
NTRA,breakout,2019-06-07,2019-06-21,24.16,24.16,1,10,-0.22,-0.9,-0.149,손절,10.0,11.59353256225586,36.79897689819336,2.0,
KOD,breakout,2019-06-10,2019-06-24,10.5,11.49,2,10,2.24,10.62,1.55,SMA10 이탈,11.0,17.318439483642578,82.7645034790039,4.0,
RIOT,ep,2019-06-26,2019-06-27,3.7332,3.26,12,1,-6.06,-13.46,-1.352,갭하락 손절,,,,,10.9
OESX,breakout,2019-07-02,2019-07-08,31.5,28.8492,1,3,-2.92,-9.24,-1.102,손절,13.0,21.15384292602539,134.0908966064453,1.0,
EVER,breakout,2019-06-27,2019-07-15,12.9,13.67,3,11,1.99,5.12,0.944,SMA10 이탈,11.0,8.403360366821289,60.95890808105469,1.0,
APPS,breakout,2019-06-27,2019-07-17,4.85,5.25,8,13,2.28,5.85,0.889,SMA10 이탈,12.0,11.238527297973633,50.30303192138672,2.0,
WPRT,breakout,2019-07-09,2019-07-17,29.2,29.2,1,6,-0.26,-0.9,-0.166,손절,20.0,24.25532341003418,89.17198181152344,3.0,
CDE,breakout,2019-07-15,2019-07-19,4.6548,4.6548,7,4,1.26,3.84,0.634,손절,13.0,17.085420608520508,59.35250473022461,2.0,
EVER,breakout,2019-07-18,2019-07-24,14.49,14.49,3,4,0.01,0.02,0.003,손절,10.0,11.375856399536133,58.8505744934082,2.0,
IOVA,breakout,2019-07-18,2019-07-25,25.44,25.44,1,5,-0.23,-0.9,-0.172,손절,12.0,10.56063175201416,151.2315216064453,1.0,
KOD,breakout,2019-07-22,2019-07-25,14.88,13.9251,1,3,-1.08,-7.26,-1.136,손절,10.0,16.797494888305664,90.0277099609375,1.0,
AXSM,breakout,2019-07-29,2019-07-30,28.17,26.33,1,1,-2.09,-7.37,-1.375,갭하락 손절,15.0,15.540826797485352,50.45673751831055,1.0,
LOOP,breakout,2019-07-30,2019-08-05,13.25,13.25,3,4,0.62,1.55,0.2,손절,13.0,23.141265869140625,128.2419891357422,2.0,
EGO,breakout,2019-08-06,2019-08-07,8.771,8.3127,5,1,-2.68,-6.07,-1.168,손절,10.0,21.48756980895996,160.98361206054688,1.0,
NXH,breakout,2019-07-25,2019-08-08,20.02,21.29,2,10,3.75,9.33,0.937,SMA10 이탈,11.0,23.124229431152344,114.95535278320312,3.0,
ORN,breakout,2019-08-01,2019-08-08,4.3,4.3,5,5,0.38,1.78,0.24,손절,10.0,23.919307708740234,147.2222137451172,5.0,
WPRT,breakout,2019-08-09,2019-08-12,31.9,30.0525,1,1,-2.13,-6.64,-1.151,손절,20.0,16.423357009887695,39.737998962402344,2.0,
AG,breakout,2019-08-12,2019-08-13,10.8102,10.2167,4,1,-2.75,-6.34,-1.159,손절,12.0,22.433042526245117,89.59858703613281,1.0,
OPCH,breakout,2019-08-13,2019-08-14,12.76,11.9958,3,1,-2.63,-6.83,-1.146,손절,19.0,21.7557315826416,52.57731628417969,2.0,
CRWD,breakout,2019-08-19,2019-08-22,25.125,23.2949,1,3,-2.05,-8.11,-1.119,손절,13.0,22.18844985961914,71.76786804199219,1.0,
OPCH,breakout,2019-08-23,2019-08-29,13.48,13.48,1,4,-0.12,-0.9,-0.147,손절,10.0,22.101449966430664,51.9047737121582,5.0,
PERI,breakout,2019-08-07,2019-09-03,4.72,6.36,9,18,10.53,24.67,3.608,SMA10 이탈,10.0,12.918663024902344,63.76811218261719,1.0,
NTRA,breakout,2019-08-29,2019-09-05,32.5,32.5,1,4,-0.29,-0.9,-0.151,손절,13.0,22.68780517578125,37.89241409301758,6.0,
AG,breakout,2019-09-03,2019-09-05,11.4015,10.7314,3,2,-2.31,-6.72,-1.318,갭하락 손절,14.0,22.17523956298828,73.32293701171875,3.0,
EGO,breakout,2019-08-23,2019-09-06,8.8605,9.1489,4,9,1.52,4.28,0.679,SMA10 이탈,12.0,19.59731674194336,118.7347412109375,2.0,
CYTK,breakout,2019-09-06,2019-09-09,14.41,13.5347,2,1,-2.0,-6.92,-1.144,손절,10.0,14.058769226074219,35.526309967041016,3.0,
FCEL,ep,2019-09-09,2019-09-10,15.3,13.77,2,1,-3.32,-10.81,-1.085,손절,,,,,25.0
SONO,breakout,2019-09-09,2019-09-13,15.09,15.06,2,4,-0.37,-1.22,-0.206,갭하락 손절,11.0,18.07512092590332,49.688148498535156,4.0,
AXSM,breakout,2019-09-16,2019-09-20,27.67,27.45,1,4,-0.47,-1.68,-0.307,갭하락 손절,33.0,22.32537269592285,42.34126663208008,2.0,
PLMR,breakout,2019-09-23,2019-09-24,37.8084,35.8222,1,1,-2.32,-6.1,-1.167,손절,23.0,16.48757553100586,68.0140609741211,1.0,
LOOP,breakout,2019-09-16,2019-09-25,15.71,15.71,2,7,1.14,3.61,0.675,손절,10.0,14.005804061889648,38.67924118041992,1.0,
GOTU,breakout,2019-09-24,2019-09-30,14.65,14.65,2,4,0.1,0.36,0.059,손절,21.0,24.999988555908203,98.6410140991211,1.0,
CYH,breakout,2019-10-07,2019-10-14,3.9,3.9,9,5,-0.2,-0.56,-0.078,손절,15.0,13.043475151062012,120.6703872680664,1.0,
NTRA,breakout,2019-10-14,2019-10-16,37.42,35.3843,1,2,-2.36,-6.29,-1.161,손절,12.0,18.718265533447266,41.71516799926758,2.0,
CYH,breakout,2019-10-15,2019-10-25,4.14,4.14,4,8,-0.09,-0.54,-0.091,손절,21.0,19.99999237060547,120.6703872680664,1.0,
VNCE,breakout,2019-10-08,2019-10-28,19.85,21.79,1,14,1.75,8.79,1.294,SMA10 이탈,10.0,12.976670265197754,73.95265197753906,2.0,
ASUR,breakout,2019-10-28,2019-11-01,9.07,9.0,4,4,-0.53,-1.44,-0.277,갭하락 손절,10.0,9.939384460449219,54.21487045288086,1.0,
ZYME,breakout,2019-10-16,2019-11-07,28.936,33.2,1,16,3.98,13.71,2.612,SMA10 이탈,26.0,21.784507751464844,38.24349594116211,4.0,
EVER,ep,2019-11-05,2019-11-14,27.4584,27.7,1,7,-0.01,-0.02,-0.004,SMA10 이탈,,,,,23.7
RIGL,breakout,2019-11-12,2019-11-18,23.6,23.5,1,4,-0.31,-1.32,-0.165,갭하락 손절,10.0,16.831684112548828,48.076927185058594,1.0,
KOD,breakout,2019-11-11,2019-11-22,22.38,25.63,1,9,3.03,13.5,1.566,SMA10 이탈,10.0,20.84232521057129,109.70783233642578,2.0,
GOSS,breakout,2019-11-20,2019-11-26,24.85,24.77,1,4,-0.3,-1.22,-0.195,갭하락 손절,10.0,21.63485336303711,59.90338134765625,1.0,
KNSA,ep,2019-11-20,2019-12-04,9.1596,10.05,3,9,3.53,12.78,1.463,SMA10 이탈,,,,,29.4
COLL,breakout,2019-11-25,2019-12-05,19.81,20.28,2,7,2.02,5.08,0.842,SMA10 이탈,10.0,11.920892715454102,91.75059509277344,1.0,
CWH,breakout,2019-12-04,2019-12-10,9.0225,9.0225,4,4,0.1,0.28,0.046,손절,10.0,8.620702743530273,61.153839111328125,1.0,
HL,breakout,2019-12-05,2019-12-11,2.7062,2.7062,13,4,-0.26,-0.73,-0.142,손절,10.0,20.258594512939453,45.40230178833008,3.0,
AMRX,ep,2019-12-12,2019-12-19,4.7838,4.7838,9,5,1.03,2.38,0.307,손절,,,,,34.8
GOTU,breakout,2019-12-16,2019-12-20,20.6,20.56,1,4,-0.23,-1.09,-0.149,갭하락 손절,13.0,20.05830955505371,45.11277770996094,2.0,
ABUS,breakout,2019-12-20,2019-12-27,2.49,2.49,18,4,0.76,1.69,0.19,손절,11.0,15.813946723937988,198.78048706054688,2.0,
SGRY,breakout,2019-11-26,2019-12-30,13.57,15.42,2,22,1.92,7.03,1.096,SMA10 이탈,10.0,23.028099060058594,72.19020080566406,2.0,
AUPH,breakout,2019-12-26,2020-01-02,20.63,20.36,2,4,-1.01,-2.43,-0.292,갭하락 손절,10.0,21.926712036132812,380.3844909667969,1.0,
PR,breakout,2020-01-02,2020-01-08,4.1089,4.1089,10,4,0.75,1.82,0.24,손절,10.0,17.03702163696289,49.14382553100586,3.0,
IMVT,breakout,2020-01-10,2020-01-16,17.49,16.99,2,4,-1.41,-4.01,-0.442,갭하락 손절,10.0,19.20574951171875,65.65454864501953,1.0,
TGTX,breakout,2020-01-07,2020-01-23,11.42,13.55,4,11,7.33,15.98,2.062,SMA10 이탈,14.0,18.341970443725586,105.03800201416016,2.0,
VRDN,ep,2020-01-27,2020-02-04,16.524,16.524,2,6,13.72,41.32,4.15,손절,,,,,11.3
HIMX,breakout,2020-02-04,2020-02-10,3.0604,2.9958,5,4,-0.32,-2.06,-0.293,갭하락 손절,15.0,18.71509552001953,93.92522430419922,5.0,
TGTX,breakout,2020-02-04,2020-02-13,15.0,15.19,3,7,0.26,0.58,0.093,SMA10 이탈,10.0,16.50942611694336,111.50569915771484,2.0,
KNSA,breakout,2020-02-04,2020-02-25,15.89,17.81,3,14,2.98,6.21,0.86,SMA10 이탈,11.0,13.386619567871094,154.52227783203125,1.0,
AKBA,breakout,2020-02-10,2020-02-25,8.64,8.9,6,10,1.39,2.66,0.453,SMA10 이탈,11.0,22.033905029296875,151.1494140625,4.0,
PLUG,breakout,2020-02-18,2020-02-25,4.52,4.83,12,5,7.64,14.01,2.316,SMA10 이탈,18.0,23.83561134338379,64.72727966308594,3.0,
KNSA,breakout,2020-03-06,2020-03-09,19.892,18.7638,3,1,-3.91,-6.52,-1.154,손절,10.0,15.920745849609375,81.40187072753906,1.0,
KNSA,ep,2020-03-31,2020-04-01,17.0748,15.3673,3,1,-5.56,-10.81,-1.085,손절,,,,,37.0
ALAR,ep,2020-04-01,2020-04-02,23.664,16.5,2,1,-14.69,-30.9,-3.104,갭하락 손절,,,,,39.8
ACH,ep,2020-03-30,2020-04-03,7.6422,7.5723,7,4,-1.37,-2.54,-0.255,갭하락 손절,,,,,36.1
PLUR,ep,2020-04-07,2020-04-08,36.6384,32.4,1,1,-4.55,-12.36,-1.242,갭하락 손절,,,,,33.6
PULM,ep,2020-04-16,2020-04-17,37.74,27.0,1,1,-11.03,-29.1,-2.923,갭하락 손절,,,,,10.8
MVIS,ep,2020-05-01,2020-05-13,6.732,12.45,6,8,47.23,116.4,11.693,SMA10 이탈,,,,,25.7
LOVE,ep,2020-04-17,2020-05-15,9.0066,13.78,4,20,13.96,38.59,3.876,SMA10 이탈,,,,,17.6
AKBA,ep,2020-05-05,2020-05-19,10.4346,11.89,2,10,2.8,13.35,1.817,SMA10 이탈,,,,,18.1
ALDX,ep,2020-05-20,2020-05-21,4.7022,4.232,15,1,-7.66,-10.81,-1.085,손절,,,,,20.1
TGTX,breakout,2020-05-22,2020-05-28,21.59,19.74,3,3,-6.11,-9.39,-1.015,SMA10 이탈,11.0,22.531211853027344,210.7255401611328,3.0,
PTGX,breakout,2020-05-28,2020-06-03,17.23,16.7,3,4,-1.91,-3.68,-0.369,갭하락 손절,10.0,15.1353120803833,226.99996948242188,1.0,
AAL,ep,2020-06-05,2020-06-08,21.675,19.7796,2,1,-4.16,-9.56,-1.098,손절,,,,,27.1
FET,ep,2020-06-08,2020-06-10,13.668,12.3012,4,2,-5.93,-10.81,-1.085,손절,,,,,28.8
VMD,breakout,2020-06-04,2020-06-11,8.87,8.87,7,5,2.11,3.38,0.5,손절,11.0,19.22042465209961,134.94320678710938,1.0,
RVP,breakout,2020-06-17,2020-06-22,6.95,6.3757,8,3,-5.07,-9.08,-1.104,손절,10.0,16.92308235168457,420.3251953125,1.0,
OPHC,ep,2020-06-19,2020-06-22,4.233,3.12,3,1,-3.44,-26.95,-2.708,갭하락 손절,,,,,31.7
CVNA,breakout,2020-06-18,2020-06-24,24.538,24.538,2,4,0.54,1.09,0.145,손절,10.0,23.741806030273438,136.18406677246094,2.0,
CWH,breakout,2020-07-02,2020-07-06,21.595,19.6764,2,1,-4.21,-9.7,-1.097,손절,11.0,18.058443069458008,281.8042297363281,2.0,
ACTG,breakout,2020-07-02,2020-07-06,4.25,4.0,3,1,-0.86,-6.73,-0.923,SMA10 이탈,15.0,13.94101333618164,92.82511138916016,1.0,
MGNX,breakout,2020-07-07,2020-07-13,30.58,30.24,2,4,-0.95,-1.54,-0.196,갭하락 손절,10.0,19.640064239501953,354.07061767578125,4.0,
NIO,breakout,2020-07-01,2020-07-16,7.9,12.94,7,10,35.74,64.34,6.718,SMA10 이탈,10.0,21.53845977783203,155.6700897216797,2.0,
CABA,breakout,2020-07-17,2020-07-23,12.26,12.26,5,4,0.56,0.91,0.092,손절,12.0,15.660369873046875,100.0630111694336,1.0,
ONEW,breakout,2020-07-27,2020-07-31,24.9053,24.9053,2,4,0.15,0.3,0.038,손절,15.0,24.670351028442383,174.08535766601562,1.0,
CELH,breakout,2020-07-28,2020-08-03,4.99,4.8933,14,4,-2.0,-2.85,-0.407,갭하락 손절,10.0,24.232351303100586,145.14990234375,3.0,
CWH,breakout,2020-08-03,2020-08-06,29.362,26.9267,2,3,-5.38,-9.12,-1.104,손절,10.0,15.343915939331055,102.28691101074219,1.0,
EDUC,breakout,2020-08-06,2020-08-10,14.6124,13.4194,3,2,-3.96,-8.99,-1.106,손절,11.0,22.64448356628418,136.87522888183594,2.0,
RUN,breakout,2020-08-04,2020-08-11,43.18,43.18,1,5,-0.39,-0.9,-0.106,손절,10.0,20.648229598999023,159.30990600585938,4.0,
ALDX,breakout,2020-08-05,2020-08-11,7.15,6.91,5,4,-1.56,-4.33,-0.435,갭하락 손절,12.0,18.968379974365234,85.1851806640625,1.0,
VIR,breakout,2020-08-12,2020-08-18,54.005,53.79,1,4,-0.7,-1.29,-0.211,갭하락 손절,16.0,19.242656707763672,80.67311096191406,1.0,
ARLO,breakout,2020-08-21,2020-08-27,6.42,6.42,10,4,1.41,2.19,0.22,손절,10.0,18.23204803466797,203.22579956054688,3.0,
URBN,ep,2020-08-26,2020-08-27,25.5,24.0951,1,1,-1.63,-6.36,-1.159,손절,,,,,20.2
BXC,breakout,2020-08-28,2020-08-31,21.74,20.43,3,1,-4.5,-6.87,-0.853,SMA10 이탈,12.0,20.643722534179688,199.85403442382812,2.0,
RUN,breakout,2020-08-24,2020-09-03,49.42,51.15,1,8,1.28,2.57,0.342,SMA10 이탈,11.0,17.877161026000977,192.72727966308594,1.0,
RRR,breakout,2020-09-01,2020-09-03,14.5654,13.6017,4,2,-4.36,-7.45,-1.132,손절,11.0,18.847131729125977,80.37333679199219,4.0,
CNTY,breakout,2020-09-02,2020-09-08,6.8,6.3836,2,3,-0.95,-6.97,-1.142,손절,13.0,19.92945671081543,75.07245635986328,4.0,
WVE,breakout,2020-09-14,2020-09-21,13.85,15.05,4,5,12.32,22.14,2.758,SMA10 이탈,11.0,21.739124298095703,60.000003814697266,3.0,
CZR,breakout,2020-09-15,2020-09-21,56.26,53.61,1,4,-3.14,-5.56,-0.922,갭하락 손절,10.0,24.038183212280273,70.92223358154297,1.0,
FTK,breakout,2020-09-22,2020-09-24,16.74,15.2384,3,2,-4.94,-9.79,-1.096,손절,10.0,16.736400604248047,128.57144165039062,1.0,
TOON,ep,2020-09-25,2020-09-28,12.954,11.6608,4,1,-5.62,-10.79,-1.086,손절,,,,,22.1
NNDM,ep,2020-09-30,2020-10-01,2.652,2.3868,22,1,-6.33,-10.81,-1.085,손절,,,,,22.1
ZYME,breakout,2020-09-30,2020-10-02,46.1,43.7108,1,2,-2.79,-6.03,-1.169,손절,11.0,13.939690589904785,58.794857025146484,2.0,
FLXS,breakout,2020-10-09,2020-10-15,24.0555,23.6596,1,4,-0.61,-2.53,-0.458,갭하락 손절,13.0,20.172489166259766,72.859130859375,2.0,
GOLD,breakout,2020-10-07,2020-10-16,13.9297,14.1394,3,7,0.86,2.06,0.318,SMA10 이탈,11.0,18.200790405273438,71.1441421508789,2.0,
APPS,breakout,2020-10-06,2020-10-19,36.2,36.43,1,9,-0.1,-0.27,-0.031,SMA10 이탈,11.0,21.517288208007812,188.295166015625,2.0,
SGC,breakout,2020-10-19,2020-10-20,22.0628,20.8103,2,1,-2.89,-6.52,-1.154,손절,11.0,19.20953941345215,36.437808990478516,3.0,
AHG,ep,2020-10-22,2020-10-23,2.601,2.3409,16,1,-4.52,-10.81,-1.085,손절,,,,,12.3
AMTX,breakout,2020-10-16,2020-10-26,3.88,3.99,14,6,7.73,14.17,1.424,SMA10 이탈,10.0,22.39748191833496,219.67213439941406,3.0,
NFE,breakout,2020-10-20,2020-10-26,45.9672,43.7909,1,4,-2.58,-5.59,-0.94,갭하락 손절,10.0,17.18326759338379,96.23348999023438,1.0,
DMRC,breakout,2020-10-23,2020-10-28,32.38,29.2401,1,3,-3.42,-10.51,-1.088,손절,10.0,14.014089584350586,131.031982421875,1.0,
SFIX,breakout,2020-10-29,2020-10-30,38.17,36.0163,1,1,-2.49,-6.49,-1.155,손절,10.0,21.94887351989746,42.17483901977539,4.0,
TULP,ep,2020-11-02,2020-11-03,7.854,6.44,3,1,-4.43,-18.74,-1.882,갭하락 손절,,,,,32.5
DMRC,breakout,2020-10-29,2020-11-04,33.02,32.15,1,4,-1.16,-3.51,-0.407,갭하락 손절,14.0,16.267608642578125,131.031982421875,1.0,
JAKK,ep,2020-11-03,2020-11-04,5.0723,4.5718,4,1,-2.18,-10.67,-1.087,손절,,,,,13.7
IMVT,breakout,2020-10-30,2020-11-19,43.6,48.48,1,14,4.47,10.2,1.85,SMA10 이탈,12.0,11.22448444366455,63.103187561035156,1.0,
DNLI,breakout,2020-11-04,2020-11-19,47.17,61.75,1,11,14.09,29.74,4.804,SMA10 이탈,14.0,20.667160034179688,53.05474853515625,2.0,
COCP,ep,2020-11-25,2020-12-02,19.3392,19.2,2,4,-0.03,-0.07,-0.007,갭하락 손절,,,,,21.5
CRDF,breakout,2020-11-23,2020-12-03,18.66,20.51,3,7,7.83,13.92,1.582,SMA10 이탈,10.0,19.615375518798828,244.90907287597656,1.0,
LE,breakout,2020-12-02,2020-12-03,25.58,22.01,1,1,-3.78,-14.73,-1.959,갭하락 손절,10.0,23.277103424072266,89.75408935546875,1.0,
SNDL,ep,2020-11-30,2020-12-07,5.0388,5.0388,12,5,15.53,25.57,2.568,손절,,,,,32.8
TWI,breakout,2020-12-04,2020-12-07,5.69,5.3,5,1,-2.2,-7.69,-0.795,SMA10 이탈,10.0,20.042205810546875,104.72441101074219,3.0,
GTE,ep,2020-12-08,2020-12-09,4.182,3.7644,2,1,-0.91,-10.79,-1.086,손절,,,,,36.7
CELH,breakout,2020-12-07,2020-12-11,12.4533,11.9767,4,4,-2.05,-4.11,-0.454,갭하락 손절,13.0,24.078369140625,89.41739654541016,3.0,
KNTK,breakout,2020-12-04,2020-12-14,14.1091,14.1091,5,6,-1.36,-1.91,-0.192,손절,10.0,22.154342651367188,333.1567687988281,2.0,
STIM,breakout,2020-12-09,2020-12-15,9.26,9.04,3,4,-1.07,-3.82,-0.506,갭하락 손절,10.0,20.259750366210938,95.37035369873047,3.0,
BWMX,breakout,2020-12-17,2020-12-21,21.5139,20.437,1,2,-1.27,-5.86,-1.175,손절,24.0,23.141395568847656,126.60234069824219,5.0,
UPWK,breakout,2020-12-15,2020-12-24,37.18,37.8,1,7,0.28,0.76,0.111,SMA10 이탈,14.0,22.262418746948242,126.01725769042969,2.0,
KNTK,breakout,2021-01-05,2021-01-08,16.1645,14.9878,4,3,-5.27,-8.11,-1.119,손절,19.0,17.6154727935791,439.6187744140625,1.0,
KNTK,breakout,2021-01-08,2021-01-11,16.5108,15.039,4,1,-6.46,-9.73,-1.47,갭하락 손절,22.0,20.135330200195312,439.6187744140625,2.0,
DAC,breakout,2021-01-06,2021-01-21,19.7489,23.4245,1,10,3.48,17.55,2.212,SMA10 이탈,10.0,22.30767059326172,169.99998474121094,2.0,
CELH,breakout,2020-12-16,2021-01-25,12.7133,20.9733,4,25,18.09,35.42,5.073,SMA10 이탈,10.0,12.940478324890137,91.49154663085938,1.0,
ATOS,ep,2021-01-25,2021-01-26,37.944,34.1496,1,1,-4.12,-10.81,-1.085,손절,,,,,32.6
WPRT,breakout,2021-01-12,2021-01-27,59.9,75.4,1,10,14.89,24.75,2.733,SMA10 이탈,11.0,24.791669845581055,261.6278991699219,3.0,
KNTK,breakout,2021-02-05,2021-02-10,17.6363,16.7288,4,3,-4.25,-6.0,-1.17,손절,12.0,20.087360382080078,49.91669464111328,1.0,
VERI,breakout,2021-02-04,2021-02-12,45.0,45.0,1,6,-0.41,-0.9,-0.09,손절,10.0,21.618343353271484,201.66552734375,1.0,
GSM,breakout,2021-02-22,2021-02-23,3.3482,3.0134,20,1,-7.27,-10.81,-1.085,손절,12.0,20.13889503479004,203.37838745117188,1.0,
CHRD,breakout,2021-02-24,2021-03-02,35.1169,35.1169,1,4,-0.32,-0.9,-0.125,손절,10.0,24.90810203552246,46.327327728271484,1.0,
LEE,breakout,2021-03-03,2021-03-08,25.4,23.7,2,3,-3.84,-7.53,-0.77,SMA10 이탈,12.0,24.50979995727539,125.45454406738281,1.0,
CAR,breakout,2021-03-11,2021-03-17,62.7261,62.7261,1,4,-0.56,-0.9,-0.13,손절,10.0,24.354862213134766,65.07572937011719,2.0,
MVBF,breakout,2021-03-12,2021-03-17,31.3476,29.2514,2,3,-4.74,-7.52,-1.13,손절,11.0,15.23536491394043,64.7363510131836,2.0,
AA,breakout,2021-03-18,2021-03-19,31.2366,28.9858,1,1,-2.52,-8.04,-1.12,손절,10.0,20.146238327026367,81.3294906616211,5.0,
CYH,breakout,2021-04-05,2021-04-06,14.09,12.7247,4,1,-5.94,-10.5,-1.088,손절,12.0,24.690269470214844,68.8212890625,2.0,
INTT,breakout,2021-03-29,2021-04-08,10.97,10.97,5,7,1.86,3.37,0.51,손절,11.0,13.354039192199707,79.7077865600586,1.0,
MOV,breakout,2021-04-14,2021-04-19,23.091,21.5404,2,3,-3.5,-7.55,-1.13,손절,10.0,19.501649856567383,45.69475555419922,3.0,
CHRD,breakout,2021-04-14,2021-04-20,42.983,42.983,1,4,-0.39,-0.9,-0.175,손절,15.0,19.754528045654297,90.86295318603516,5.0,
SJ,ep,2021-04-26,2021-04-27,12.546,10.19,4,1,-9.83,-19.51,-1.959,갭하락 손절,,,,,26.8
DAC,breakout,2021-05-03,2021-05-11,47.3281,47.3281,1,6,-0.43,-0.9,-0.154,손절,24.0,22.829605102539062,135.45751953125,1.0,
AA,breakout,2021-05-04,2021-05-13,36.1759,37.1832,1,7,0.68,1.86,0.373,SMA10 이탈,10.0,17.568933486938477,69.55921936035156,1.0,
CNTY,breakout,2021-05-17,2021-05-19,14.65,13.644,3,2,-3.4,-7.7,-1.127,손절,10.0,23.10924530029297,84.37498474121094,1.0,
CAL,breakout,2021-05-18,2021-05-19,25.2396,23.462,2,1,-3.99,-7.88,-1.238,갭하락 손절,12.0,17.09958267211914,62.231327056884766,1.0,
CPSH,ep,2021-05-20,2021-05-21,7.4154,6.56,6,1,-5.51,-12.33,-1.238,갭하락 손절,,,,,21.8
TTI,breakout,2021-05-27,2021-06-04,3.68,3.68,10,5,0.66,1.8,0.181,손절,12.0,21.052635192871094,57.872344970703125,3.0,
INTT,breakout,2021-05-24,2021-06-09,13.75,14.45,3,11,0.72,1.75,0.333,SMA10 이탈,19.0,18.841838836669922,73.92404174804688,2.0,
STKS,breakout,2021-06-09,2021-06-15,11.88,11.88,4,4,0.25,0.52,0.063,손절,17.0,23.185396194458008,75.8661117553711,2.0,
TTI,breakout,2021-06-14,2021-06-17,3.95,3.702,7,3,-1.98,-7.12,-1.139,손절,10.0,13.18051815032959,59.5744743347168,1.0,
CREX,breakout,2021-06-16,2021-06-18,7.02,6.318,3,2,-2.29,-10.81,-1.085,손절,12.0,23.157894134521484,118.01802825927734,2.0,
ANVS,ep,2021-05-21,2021-06-22,37.6482,84.25,1,21,46.05,121.78,12.233,SMA10 이탈,,,,,39.8
ZIM,breakout,2021-06-24,2021-06-28,11.5172,10.8058,5,2,-4.06,-7.02,-1.141,손절,24.0,18.517578125,108.8624267578125,5.0,
EDIT,ep,2021-06-28,2021-06-29,50.3268,44.9,1,1,-5.86,-11.58,-1.951,갭하락 손절,,,,,17.8
HDSN,breakout,2021-06-24,2021-06-30,3.3,3.3,20,4,0.5,0.76,0.102,손절,13.0,24.060142517089844,79.00552368164062,1.0,
DARE,ep,2021-06-30,2021-07-01,23.7456,21.024,2,1,-5.85,-12.25,-1.754,갭하락 손절,,,,,18.3
ENVX,breakout,2021-06-29,2021-07-07,21.15,21.5,2,5,3.46,8.15,1.257,SMA10 이탈,11.0,14.84330940246582,72.01718139648438,1.0,
ASTS,ep,2021-06-30,2021-07-07,13.26,13.26,2,4,0.03,0.11,0.011,손절,,,,,27.3
SMID,breakout,2021-07-08,2021-07-09,24.69,23.185,2,1,-3.44,-6.94,-1.143,손절,10.0,20.970117568969727,83.51741027832031,3.0,
PTGX,breakout,2021-07-12,2021-07-14,47.34,44.7697,1,2,-2.98,-6.28,-1.161,손절,13.0,12.5,64.51612854003906,1.0,
JILL,breakout,2021-07-13,2021-07-14,21.5494,19.9956,2,1,-3.48,-8.04,-1.12,손절,18.0,23.48736572265625,250.29063415527344,4.0,
ZDGE,breakout,2021-07-13,2021-07-14,19.2435,17.6035,1,1,-1.81,-9.34,-1.101,손절,16.0,23.125017166137695,98.69998931884766,10.0,
YHGJ,ep,2021-07-14,2021-07-15,30.498,27.4,1,1,-3.36,-10.96,-1.101,갭하락 손절,,,,,14.6
JKS,breakout,2021-07-22,2021-07-23,48.3663,43.7307,1,1,-5.05,-10.39,-1.089,손절,10.0,22.663545608520508,123.52941131591797,2.0,
VANI,ep,2021-07-22,2021-07-23,15.2082,12.3,1,1,-3.03,-19.85,-2.642,갭하락 손절,,,,,15.0
HCM,breakout,2021-07-21,2021-07-26,40.62,38.5721,1,3,-2.4,-5.89,-1.174,손절,13.0,18.70250701904297,71.89691162109375,2.0,
CNR,breakout,2021-07-29,2021-08-03,19.2686,18.0229,2,3,-2.83,-7.3,-1.135,손절,12.0,22.88728904724121,59.076416015625,6.0,
CLDX,breakout,2021-07-29,2021-08-04,45.15,44.2,1,4,-1.35,-2.98,-0.375,갭하락 손절,10.0,19.192182540893555,76.77074432373047,2.0,
KEEL,ep,2021-08-09,2021-08-10,6.9258,6.2332,1,1,-0.75,-10.81,-1.086,손절,,,,,14.1
CLDX,breakout,2021-08-05,2021-08-11,45.65,45.65,1,4,-0.41,-0.9,-0.126,손절,15.0,20.51214027404785,76.77074432373047,1.0,
IPWR,breakout,2021-08-09,2021-08-13,17.665,16.27,2,4,-2.78,-7.82,-0.786,갭하락 손절,10.0,23.704492568969727,77.87971496582031,1.0,
LXU,breakout,2021-08-11,2021-08-17,7.0,6.5692,6,4,-2.61,-6.18,-0.621,갭하락 손절,11.0,19.579505920410156,86.26611328125,1.0,
TVTX,ep,2021-08-16,2021-08-17,20.9814,17.1,2,1,-8.11,-19.23,-3.358,갭하락 손절,,,,,33.1
CNM,breakout,2021-08-23,2021-08-27,27.86,27.86,1,4,-0.25,-0.9,-0.147,손절,15.0,17.305267333984375,35.64999008178711,1.0,
BBW,ep,2021-08-26,2021-08-27,15.8485,15.0151,2,1,-1.94,-6.11,-1.167,손절,,,,,10.4
LRMR,breakout,2021-08-27,2021-09-02,14.75,14.19,2,4,-1.29,-4.36,-0.552,갭하락 손절,10.0,20.802616119384766,78.25537872314453,3.0,
LRMR,breakout,2021-09-02,2021-09-08,14.9,14.25,1,3,-0.78,-5.22,-0.719,SMA10 이탈,11.0,12.283336639404297,76.82776641845703,1.0,
SKIN,breakout,2021-08-30,2021-09-09,25.197,25.197,1,7,-0.23,-0.9,-0.163,손절,10.0,19.871543884277344,43.47026443481445,5.0,
HAPN,breakout,2021-09-02,2021-09-09,31.75,30.48,1,4,-1.55,-4.86,-0.868,갭하락 손절,14.0,24.901653289794922,98.79598999023438,2.0,
ABUS,ep,2021-09-10,2021-09-13,4.59,4.277,7,1,-2.47,-7.65,-1.127,손절,,,,,16.3
TVTX,breakout,2021-09-09,2021-09-16,22.95,22.95,1,5,-0.21,-0.9,-0.142,손절,11.0,15.733742713928223,70.82353973388672,1.0,
CYPH,ep,2021-09-16,2021-09-17,24.48,22.814,1,1,-1.88,-7.64,-1.128,손절,,,,,24.4
NNVC,ep,2021-09-21,2021-09-23,5.3346,4.9944,6,2,-2.32,-7.22,-1.137,손절,,,,,38.0
IPM,ep,2021-09-27,2021-09-28,5.1204,4.45,6,1,-4.28,-13.87,-1.431,갭하락 손절,,,,,25.2
SB,breakout,2021-10-01,2021-10-04,4.182,3.8641,7,1,-2.48,-8.43,-1.114,손절,10.0,22.35295867919922,74.59288787841797,2.0,
AR,breakout,2021-09-24,2021-10-12,17.95,19.49,1,12,1.37,7.61,1.376,SMA10 이탈,11.0,15.508365631103516,54.628787994384766,3.0,
LXU,breakout,2021-09-21,2021-10-15,7.3077,9.26,4,18,5.17,17.61,3.268,SMA10 이탈,25.0,20.405567169189453,98.28326416015625,4.0,
GOSS,breakout,2021-10-12,2021-10-18,13.58,13.58,1,4,-0.12,-0.9,-0.152,손절,10.0,14.987289428710938,85.770751953125,1.0,
ORMP,breakout,2021-10-15,2021-10-18,22.3367,20.5468,1,1,-1.98,-8.84,-1.329,갭하락 손절,13.0,18.874502182006836,77.26607513427734,2.0,
GOLD,breakout,2021-10-04,2021-10-21,26.826,28.4085,1,13,1.33,4.95,0.973,SMA10 이탈,10.0,15.599203109741211,37.21900177001953,1.0,
BTE,breakout,2021-10-20,2021-10-26,3.0756,3.0472,10,4,0.19,0.63,0.086,갭하락 손절,10.0,15.30250358581543,132.14285278320312,2.0,
STGW,breakout,2021-10-22,2021-10-26,8.88,8.406,3,2,-1.66,-6.19,-1.164,손절,30.0,22.482765197753906,91.26819610595703,10.0,
AEHR,breakout,2021-10-26,2021-10-27,22.65,20.385,1,1,-2.46,-10.81,-1.085,손절,10.0,21.317625045776367,300.19683837890625,13.0,
SM,breakout,2021-10-26,2021-10-28,30.0778,28.2729,1,2,-2.07,-6.84,-1.145,손절,10.0,17.3525333404541,116.8357162475586,5.0,
ZETA,breakout,2021-10-26,2021-10-28,8.88,8.1438,1,2,-0.81,-9.11,-1.104,손절,10.0,15.045392990112305,65.03758239746094,1.0,
LQDA,breakout,2021-11-02,2021-11-08,3.9,3.9,2,4,0.16,2.03,0.294,손절,10.0,16.07143783569336,52.28215408325195,6.0,
LAR,breakout,2021-10-29,2021-11-16,11.4291,12.806,2,12,1.6,6.96,1.087,SMA10 이탈,10.0,16.114532470703125,71.28777313232422,4.0,
ORMP,breakout,2021-11-01,2021-11-16,22.6164,25.8047,1,11,2.97,13.08,2.56,SMA10 이탈,24.0,20.816730499267578,77.26607513427734,4.0,
CLMT,breakout,2021-11-08,2021-11-17,12.18,13.16,1,7,0.87,7.08,1.156,SMA10 이탈,20.0,21.55687713623047,110.92593383789062,4.0,
LXU,breakout,2021-11-17,2021-11-23,10.23,10.12,3,4,-0.58,-1.9,-0.312,갭하락 손절,24.0,21.35230255126953,73.00379180908203,6.0,
TOMZ,ep,2021-12-03,2021-12-06,6.4566,5.8109,4,1,-2.8,-10.81,-1.085,손절,,,,,22.7
TULP,ep,2021-12-08,2021-12-20,13.056,13.056,2,8,4.54,17.3,1.738,손절,,,,,23.3
OXBR,breakout,2021-12-06,2021-12-28,4.85,6.27,6,15,7.86,26.89,3.66,SMA10 이탈,10.0,23.724483489990234,62.408756256103516,1.0,
XERS,ep,2021-12-31,2022-01-03,3.0498,2.7792,11,1,-3.27,-9.69,-1.097,손절,,,,,23.0
EXTR,breakout,2021-12-27,2022-01-04,15.1,15.1,2,6,0.49,1.63,0.311,손절,10.0,16.17647361755371,53.35429763793945,2.0,
SWIM,breakout,2022-01-03,2022-01-04,25.96,24.0671,1,1,-2.12,-8.12,-1.119,손절,10.0,23.619043350219727,102.82099151611328,2.0,
DHX,breakout,2022-01-03,2022-01-04,6.37,6.0319,4,1,-1.58,-6.16,-1.165,손절,14.0,16.666662216186523,36.95652389526367,3.0,
VET,breakout,2022-01-12,2022-01-21,13.5092,13.33,2,6,0.07,0.25,0.047,갭하락 손절,10.0,20.647775650024414,59.931087493896484,1.0,
CPSS,breakout,2022-01-31,2022-02-03,11.83,10.9679,2,3,-1.93,-8.12,-1.119,손절,15.0,20.961153030395508,75.34626770019531,1.0,
VET,breakout,2022-02-02,2022-02-08,14.6119,14.2354,2,4,-0.82,-2.78,-0.528,갭하락 손절,10.0,21.27976417541504,86.79673767089844,4.0,
WTI,breakout,2022-02-04,2022-02-08,4.2665,4.0139,7,2,-2.03,-6.77,-1.147,손절,12.0,18.421077728271484,54.20880126953125,2.0,
ACAD,breakout,2022-02-09,2022-02-15,26.34,26.33,1,4,-0.25,-0.93,-0.17,갭하락 손절,34.0,23.67405891418457,61.078216552734375,2.0,
NPKI,breakout,2022-02-16,2022-02-17,3.88,3.6668,7,1,-1.73,-6.34,-1.159,손절,14.0,11.494255065917969,49.808441162109375,2.0,
TISI,ep,2022-02-16,2022-02-17,14.994,12.2,2,1,-5.83,-19.36,-1.945,갭하락 손절,,,,,15.7
PR,breakout,2022-02-25,2022-03-03,7.3596,7.1862,3,4,-0.18,-0.82,-0.135,갭하락 손절,13.0,16.22176170349121,60.18347930908203,4.0,
EOLS,breakout,2022-02-28,2022-03-04,9.44,8.53,1,4,-0.99,-10.45,-1.327,갭하락 손절,10.0,19.493663787841797,83.75816345214844,2.0,
CAN,ep,2022-03-03,2022-03-04,6.3852,5.8227,4,1,-2.47,-9.63,-1.098,손절,,,,,15.7
EGY,breakout,2022-03-04,2022-03-10,4.921,4.921,1,4,-0.04,-0.9,-0.128,손절,14.0,23.89556121826172,107.63883972167969,4.0,
STNG,breakout,2022-02-24,2022-03-11,14.855,16.3815,1,11,1.39,9.29,1.866,SMA10 이탈,11.0,15.476190567016602,35.29944610595703,1.0,
RES,breakout,2022-03-04,2022-03-15,8.5817,9.1152,3,7,2.41,9.3,1.457,SMA10 이탈,10.0,23.086881637573242,102.1686782836914,1.0,
AEI,ep,2022-03-14,2022-03-15,9.8736,8.88,1,1,-1.08,-10.87,-1.092,갭하락 손절,,,,,12.6
HYMC,ep,2022-03-10,2022-03-21,8.2518,12.4,3,7,17.74,71.34,7.166,SMA10 이탈,,,,,28.4
SEI,breakout,2022-03-17,2022-03-28,9.8244,9.8244,3,7,0.03,0.1,0.016,손절,11.0,18.439483642578125,66.25,1.0,
BELFB,breakout,2022-03-22,2022-03-28,18.4946,18.4946,1,4,-0.17,-0.9,-0.174,손절,10.0,10.994112014770508,55.78583526611328,2.0,
HAL,breakout,2022-03-23,2022-03-29,34.7301,32.8605,1,4,-2.17,-6.23,-1.227,갭하락 손절,10.0,14.35438346862793,55.84164810180664,5.0,
PTEN,breakout,2022-04-04,2022-04-05,14.1276,13.3254,2,1,-1.85,-6.52,-1.154,손절,18.0,15.098309516906738,95.4208984375,2.0,
HOS,breakout,2022-04-04,2022-04-05,5.33,4.9914,2,1,-0.77,-7.19,-1.137,손절,18.0,20.58823013305664,82.91139221191406,5.0,
EOLS,breakout,2022-04-04,2022-04-07,12.12,11.285,2,3,-1.88,-7.72,-1.126,손절,10.0,12.399148941040039,133.155517578125,1.0,
HDSN,breakout,2022-04-07,2022-04-11,6.66,6.1365,4,2,-2.32,-8.69,-1.11,손절,11.0,19.784175872802734,110.2894058227539,3.0,
PTEN,breakout,2022-04-12,2022-04-22,14.3776,14.5414,2,7,1.02,3.53,0.694,SMA10 이탈,24.0,17.13483428955078,95.4208984375,1.0,
SD,breakout,2022-04-12,2022-04-22,12.4165,12.4165,2,7,1.25,5.0,0.815,손절,11.0,13.003194808959961,69.62022399902344,2.0,
HDSN,breakout,2022-04-13,2022-04-22,6.73,6.73,1,6,-0.06,-0.9,-0.136,손절,15.0,21.043169021606445,110.2894058227539,3.0,
INVZ,ep,2022-05-02,2022-05-05,4.6206,4.2671,6,3,-2.36,-8.48,-1.113,손절,,,,,12.1
LWLG,breakout,2022-05-05,2022-05-06,12.77,11.493,2,1,-2.77,-10.81,-1.085,손절,10.0,23.980581283569336,145.30686950683594,1.0,
ASC,breakout,2022-05-02,2022-05-09,5.0816,5.0816,6,5,1.45,4.72,0.735,손절,10.0,24.084781646728516,48.81889724731445,1.0,
INSW,breakout,2022-05-17,2022-05-23,14.8933,14.7992,1,4,-0.23,-1.52,-0.278,갭하락 손절,12.0,17.682289123535156,45.56861114501953,1.0,
RCMT,breakout,2022-05-19,2022-05-24,21.97,19.773,1,3,-2.38,-10.81,-1.085,손절,11.0,24.546480178833008,204.7619171142578,2.0,
NVGS,breakout,2022-05-20,2022-05-24,13.3753,12.7046,1,2,-0.79,-5.87,-1.175,손절,23.0,19.401704788208008,49.578975677490234,3.0,
AVD,breakout,2022-05-25,2022-06-08,23.4839,24.1911,1,9,0.49,2.09,0.415,SMA10 이탈,24.0,19.96991729736328,75.68998718261719,6.0,
SEI,breakout,2022-05-26,2022-06-09,11.5096,11.6579,1,9,0.04,0.38,0.067,SMA10 이탈,14.0,22.91278839111328,30.206130981445312,6.0,
HDSN,breakout,2022-06-08,2022-06-09,10.54,9.82,2,1,-1.62,-7.67,-0.867,SMA10 이탈,15.0,18.961631774902344,82.9136734008789,3.0,
TTI,breakout,2022-05-23,2022-06-10,4.66,5.22,5,13,2.86,12.2,1.689,SMA10 이탈,11.0,21.354162216186523,56.187294006347656,5.0,
INDO,ep,2022-06-14,2022-06-15,9.7614,7.86,3,1,-5.94,-20.2,-2.029,갭하락 손절,,,,,23.8
COGT,ep,2022-06-10,2022-06-27,6.732,8.99,4,10,7.45,27.56,3.209,SMA10 이탈,,,,,33.1
BZUN,breakout,2022-06-24,2022-06-30,11.33,10.81,2,4,-0.95,-4.18,-0.555,갭하락 손절,10.0,20.21390151977539,96.58537292480469,1.0,
NRSN,ep,2022-06-29,2022-07-06,3.0906,3.03,9,4,-0.55,-1.98,-0.207,갭하락 손절,,,,,18.8
SPRY,breakout,2022-07-12,2022-07-14,4.6,4.3458,7,2,-2.06,-6.37,-1.158,손절,10.0,14.14390754699707,58.92857360839844,2.0,
IDYA,breakout,2022-07-13,2022-07-18,15.67,14.9,1,3,-0.91,-5.77,-0.728,SMA10 이탈,11.0,22.72870635986328,74.07862091064453,1.0,
ADMA,breakout,2022-07-15,2022-07-18,2.35,2.1904,14,1,-2.52,-7.62,-1.128,손절,16.0,23.6842041015625,61.88812255859375,5.0,
CELH,breakout,2022-07-22,2022-07-28,28.36,28.1567,1,4,-0.46,-1.61,-0.205,갭하락 손절,10.0,22.34685516357422,109.73634338378906,4.0,
QURE,breakout,2022-07-28,2022-08-01,25.0,24.12,1,2,-1.1,-4.38,-0.763,SMA10 이탈,10.0,11.111116409301758,84.83004760742188,3.0,
TH,ep,2022-07-08,2022-08-04,7.3236,13.39,3,19,13.92,63.06,9.484,SMA10 이탈,,,,,18.7
AMLX,breakout,2022-07-27,2022-08-05,23.69,23.69,1,7,-0.21,-0.9,-0.09,손절,12.0,21.238481521606445,259.75421142578125,3.0,
CLPT,breakout,2022-08-05,2022-08-09,15.8,14.7236,1,2,-1.21,-7.65,-1.128,손절,10.0,22.291015625,62.28813934326172,5.0,
GDRX,ep,2022-08-09,2022-08-10,10.1235,7.82,3,1,-7.15,-23.45,-3.289,갭하락 손절,,,,,27.9
ALHC,breakout,2022-08-02,2022-08-11,15.09,16.1,1,7,0.87,5.74,1.005,SMA10 이탈,16.0,15.015244483947754,88.50129699707031,4.0,
APYX,breakout,2022-08-04,2022-08-12,9.99,9.84,2,6,-0.12,-0.6,-0.069,갭하락 손절,10.0,12.88135051727295,215.87498474121094,1.0,
AIRS,ep,2022-08-12,2022-08-18,10.6473,10.0551,1,4,-0.69,-6.41,-0.804,갭하락 손절,,,,,22.6
ANNX,breakout,2022-08-10,2022-08-19,5.48,5.48,5,7,1.03,3.73,0.52,손절,14.0,21.573030471801758,85.81314086914062,1.0,
ASC,breakout,2022-08-18,2022-08-24,7.7565,7.6618,3,4,-0.46,-1.97,-0.334,갭하락 손절,10.0,22.111774444580078,42.246795654296875,3.0,
TEN,breakout,2022-08-11,2022-08-26,11.6023,12.431,1,11,0.72,6.18,1.021,SMA10 이탈,10.0,16.666662216186523,56.034996032714844,4.0,
GOSS,breakout,2022-08-25,2022-08-26,15.08,14.07,1,1,-1.14,-7.53,-1.298,갭하락 손절,10.0,17.628705978393555,147.1631317138672,1.0,
ALT,breakout,2022-08-29,2022-09-07,19.62,19.62,1,6,-0.18,-0.9,-0.09,손절,10.0,20.1469783782959,157.63888549804688,3.0,
MIST,breakout,2022-09-06,2022-09-07,8.99,8.329,3,1,-2.22,-8.18,-1.118,손절,10.0,23.03270149230957,38.02082443237305,4.0,
BLFS,breakout,2022-09-08,2022-09-14,25.95,25.95,1,4,-0.23,-0.9,-0.119,손절,16.0,19.1460018157959,99.16157531738281,1.0,
VERA,breakout,2022-09-26,2022-09-27,23.1,20.73,1,1,-2.57,-11.06,-1.271,갭하락 손절,17.0,24.864864349365234,74.38272094726562,2.0,
CRCT,breakout,2022-10-04,2022-10-07,6.4366,6.2752,3,3,-0.66,-3.38,-0.511,SMA10 이탈,11.0,16.281902313232422,47.67439270019531,1.0,
INTA,breakout,2022-10-17,2022-10-21,20.61,20.61,1,4,-0.19,-0.9,-0.147,손절,10.0,15.520441055297852,44.091583251953125,2.0,
IMVT,breakout,2022-10-21,2022-10-27,10.05,9.96,2,4,-0.43,-2.13,-0.214,갭하락 손절,10.0,17.406536102294922,137.79342651367188,1.0,
YPF,breakout,2022-10-27,2022-10-28,7.98,7.5392,3,1,-1.53,-6.37,-1.158,손절,14.0,23.720932006835938,96.35417175292969,3.0,
YPF,breakout,2022-10-28,2022-10-31,7.99,7.49,3,1,-1.71,-7.1,-1.297,갭하락 손절,15.0,23.87596321105957,96.35417175292969,4.0,
AMPY,breakout,2022-10-31,2022-11-02,9.86,9.2223,2,2,-1.45,-7.31,-1.135,손절,15.0,19.805585861206055,63.70106887817383,5.0,
ADEA,breakout,2022-11-02,2022-11-03,10.9302,10.1684,2,1,-1.71,-7.8,-1.125,손절,12.0,15.289473533630371,83.71157836914062,1.0,
DXLG,breakout,2022-10-20,2022-11-08,6.28,6.7,3,13,0.87,4.57,0.86,SMA10 이탈,27.0,22.50489044189453,73.56947326660156,3.0,
ASC,breakout,2022-10-14,2022-11-09,8.2931,10.6366,3,18,4.28,17.11,3.008,SMA10 이탈,17.0,20.11427879333496,36.422122955322266,1.0,
WTI,breakout,2022-11-03,2022-11-09,7.8884,7.7272,3,4,0.29,1.21,0.184,갭하락 손절,18.0,23.259246826171875,59.16334533691406,5.0,
DXLG,breakout,2022-11-11,2022-11-14,7.01,6.6493,3,1,-1.27,-6.0,-1.17,손절,10.0,11.44675064086914,33.072410583496094,1.0,
OII,breakout,2022-11-11,2022-11-17,14.7,14.44,1,4,-0.39,-2.65,-0.477,갭하락 손절,10.0,14.485979080200195,91.99999237060547,4.0,
OII,breakout,2022-11-17,2022-11-21,15.06,14.2411,1,2,-0.95,-6.28,-1.161,손절,12.0,17.289722442626953,96.68965148925781,3.0,
ASC,breakout,2022-11-21,2022-11-28,11.7255,11.7255,2,4,0.06,0.24,0.043,손절,10.0,12.066364288330078,64.0,3.0,
PDSB,ep,2022-11-14,2022-11-29,7.038,8.02,1,10,0.91,12.93,1.371,SMA10 이탈,,,,,23.2
IMVT,breakout,2022-11-28,2022-11-29,13.48,12.5358,1,1,-1.06,-7.84,-1.124,손절,13.0,16.811084747314453,205.8685302734375,2.0,
ASC,breakout,2022-11-29,2022-12-05,12.2936,12.2936,2,4,0.11,0.44,0.083,손절,15.0,17.496240615844727,64.0,7.0,
YPF,breakout,2022-11-29,2022-12-05,8.44,8.39,2,4,-0.38,-2.25,-0.368,갭하락 손절,15.0,24.300432205200195,43.40568923950195,9.0,
IMVT,breakout,2022-12-05,2022-12-09,14.79,14.79,1,4,-0.13,-0.9,-0.138,손절,11.0,18.629037857055664,216.43190002441406,3.0,
MNSO,ep,2022-11-14,2022-12-12,7.2952,10.1718,3,19,6.34,28.85,3.717,SMA10 이탈,,,,,10.9
TH,breakout,2022-12-12,2022-12-13,16.13,15.068,1,1,-1.2,-7.42,-1.132,손절,11.0,18.515789031982422,48.26923751831055,4.0,
EH,ep,2022-12-05,2022-12-15,6.579,7.34,3,8,2.77,13.98,1.404,SMA10 이탈,,,,,12.8
IMVT,breakout,2022-12-09,2022-12-15,15.005,14.98,1,4,-0.16,-1.06,-0.19,갭하락 손절,15.0,21.008073806762695,216.43190002441406,3.0,
RYAM,breakout,2022-12-13,2022-12-16,8.54,8.15,3,3,-1.4,-5.42,-0.907,SMA10 이탈,11.0,17.63085174560547,181.6901397705078,4.0,
UCL,breakout,2022-12-15,2022-12-22,3.96,3.96,6,5,0.35,1.48,0.149,손절,10.0,20.731712341308594,834.7825927734375,1.0,
PDSB,breakout,2022-12-21,2022-12-27,10.07,9.2154,2,3,-1.88,-9.31,-1.102,손절,13.0,20.92456817626953,212.48448181152344,1.0,
ASUR,breakout,2022-12-19,2022-12-28,9.04,9.04,2,6,0.7,3.87,0.664,손절,10.0,15.453386306762695,92.81315612792969,1.0,
YPF,breakout,2022-12-22,2023-01-03,8.77,8.77,2,6,0.16,0.91,0.175,손절,15.0,21.63661766052246,37.20930862426758,4.0,
MUX,breakout,2022-12-27,2023-01-03,5.98,5.89,4,4,-0.63,-2.64,-0.406,갭하락 손절,16.0,19.361268997192383,91.3183364868164,2.0,
TME,breakout,2023-01-03,2023-01-09,8.3014,8.3014,3,4,-0.17,-0.67,-0.109,손절,14.0,14.907646179199219,163.3757781982422,2.0,
KC,breakout,2023-01-03,2023-01-12,3.98,4.36,4,7,2.68,16.78,1.686,SMA10 이탈,11.0,24.363052368164062,81.71295166015625,3.0,
MNSO,breakout,2023-01-09,2023-01-13,11.7044,11.5858,2,4,-0.5,-2.13,-0.352,갭하락 손절,22.0,23.21600914001465,192.13485717773438,1.0,
MOMO,breakout,2022-12-28,2023-01-18,6.7623,7.431,2,13,0.93,6.81,0.684,SMA10 이탈,11.0,18.265438079833984,131.74600219726562,5.0,
OII,breakout,2023-01-12,2023-01-19,18.81,18.3,1,4,-0.68,-3.58,-0.685,갭하락 손절,10.0,15.540528297424316,36.5264892578125,2.0,
VKTX,breakout,2023-01-18,2023-01-19,9.4,8.72,1,1,-0.76,-8.07,-0.81,SMA10 이탈,10.0,17.942285537719727,171.75140380859375,1.0,
EVER,breakout,2023-01-13,2023-01-23,16.3,16.3,1,5,-0.15,-0.9,-0.104,손절,11.0,20.651363372802734,180.66783142089844,3.0,
ORIC,breakout,2023-01-20,2023-01-24,6.559,5.9031,4,2,-2.85,-10.81,-1.085,손절,11.0,21.46296501159668,168.34747314453125,3.0,
HUYA,breakout,2023-01-23,2023-01-30,2.091,2.091,8,5,0.67,3.97,0.399,갭하락 손절,10.0,20.614051818847656,170.39999389648438,3.0,
IAG,breakout,2023-01-24,2023-01-30,2.82,2.82,8,4,-0.2,-0.9,-0.167,손절,10.0,8.880305290222168,80.76922607421875,3.0,
LX,breakout,2023-02-01,2023-02-06,2.8176,2.5807,8,3,-2.09,-9.23,-1.103,손절,11.0,23.15436553955078,125.91364288330078,3.0,
ASUR,breakout,2023-02-01,2023-02-07,10.86,10.86,2,4,-0.08,-0.35,-0.069,손절,13.0,15.409135818481445,65.40211486816406,1.0,
TBLA,breakout,2023-01-20,2023-02-09,3.58,3.88,2,14,0.32,4.5,0.59,SMA10 이탈,11.0,17.377042770385742,120.72367858886719,6.0,
SOUN,ep,2023-02-06,2023-02-10,3.672,3.672,6,4,0.78,3.53,0.355,손절,,,,,27.7
LYTS,breakout,2023-02-13,2023-02-17,13.993,13.993,1,4,-0.13,-0.9,-0.176,손절,10.0,11.585367202758789,33.86954116821289,1.0,
RIG,breakout,2023-02-16,2023-02-17,7.65,7.2053,3,1,-1.53,-6.66,-1.15,손절,10.0,12.5,98.08218383789062,1.0,
DKNG,ep,2023-02-17,2023-02-23,20.4102,19.1898,1,3,-1.4,-6.82,-1.146,손절,,,,,12.4
VKTX,breakout,2023-02-07,2023-02-24,9.58,11.0,2,12,2.33,12.09,2.118,SMA10 이탈,24.0,20.20075225830078,171.75140380859375,2.0,
MEC,breakout,2023-02-23,2023-02-24,16.536,15.709,1,1,-0.97,-5.85,-1.175,손절,11.0,11.578941345214844,41.88034439086914,1.0,
BLBD,breakout,2023-03-08,2023-03-10,22.0,20.7054,1,2,-1.49,-6.73,-1.148,손절,13.0,19.825708389282227,133.8469696044922,2.0,
SERA,breakout,2023-03-14,2023-03-20,3.96,3.96,5,4,0.4,2.01,0.202,손절,10.0,18.20895767211914,262.7272644042969,1.0,
RELY,breakout,2023-03-23,2023-03-27,17.01,16.0787,1,2,-1.08,-6.32,-1.16,손절,11.0,17.310344696044922,46.18916320800781,2.0,
AUPH,breakout,2023-03-27,2023-04-03,10.66,10.66,2,5,0.13,0.59,0.08,손절,11.0,24.38739585876465,41.519676208496094,5.0,
OPRA,breakout,2023-03-31,2023-04-06,8.5881,8.369,1,4,-0.3,-3.42,-0.627,갭하락 손절,14.0,24.724590301513672,80.32357788085938,1.0,
VERX,breakout,2023-03-24,2023-04-18,19.23,22.07,1,16,2.65,13.74,2.282,SMA10 이탈,10.0,11.932479858398438,61.996639251708984,2.0,
TCMD,breakout,2023-04-10,2023-04-18,17.85,17.85,1,6,-0.16,-0.9,-0.145,손절,10.0,14.975845336914062,38.944732666015625,4.0,
ARLO,breakout,2023-04-03,2023-04-20,6.15,6.43,2,12,0.54,4.34,0.576,SMA10 이탈,15.0,16.698287963867188,80.41543579101562,1.0,
SABS,ep,2023-04-18,2023-04-21,8.976,8.0784,2,3,-1.95,-10.81,-1.085,손절,,,,,14.3
AMPX,breakout,2023-04-18,2023-04-24,9.5,9.5,2,4,-0.17,-0.9,-0.09,손절,10.0,24.93404197692871,118.31326293945312,1.0,
INOD,breakout,2023-04-21,2023-04-25,8.54,7.9585,2,2,-1.31,-7.64,-1.128,손절,12.0,17.63085174560547,78.79998779296875,1.0,
BUR,breakout,2023-04-28,2023-05-04,12.7678,12.7678,1,4,-0.11,-0.9,-0.124,손절,13.0,9.504127502441406,111.3300552368164,1.0,
ACHV,breakout,2023-05-11,2023-05-12,10.0,9.0,1,1,-1.09,-10.81,-1.426,갭하락 손절,10.0,23.456787109375,103.11005401611328,3.0,
LUNG,breakout,2023-05-12,2023-05-17,13.12,12.51,1,3,-0.73,-5.5,-0.908,SMA10 이탈,16.0,16.312063217163086,50.75846862792969,1.0,
XERS,breakout,2023-05-09,2023-05-23,2.5,2.79,9,10,2.83,12.54,1.633,SMA10 이탈,15.0,19.047630310058594,114.1593017578125,3.0,
INOD,ep,2023-05-08,2023-05-24,6.936,8.81,3,12,3.58,17.12,2.031,SMA10 이탈,,,,,10.4
CVRX,breakout,2023-05-23,2023-05-24,14.1,13.1216,1,1,-1.1,-7.77,-1.125,손절,16.0,20.4099063873291,60.823394775390625,2.0,
OPRA,breakout,2023-05-26,2023-05-30,13.2151,12.2883,1,1,-1.04,-7.85,-1.124,손절,10.0,20.615386962890625,67.80904388427734,2.0,
OPRT,breakout,2023-06-05,2023-06-08,6.03,5.69,3,3,-1.18,-6.48,-0.767,SMA10 이탈,10.0,15.51724624633789,66.03773498535156,2.0,
APYX,breakout,2023-06-07,2023-06-13,7.14,7.05,1,4,-0.15,-2.15,-0.215,갭하락 손절,10.0,23.52941131591797,146.4419403076172,3.0,
AFRM,breakout,2023-06-05,2023-06-16,15.88,16.67,1,9,0.64,4.03,0.45,SMA10 이탈,10.0,17.629634857177734,67.49999237060547,4.0,
RXRX,breakout,2023-06-12,2023-06-16,9.66,9.41,2,4,-0.78,-4.03,-0.404,갭하락 손절,12.0,21.052635192871094,125.22027587890625,8.0,
EVLV,breakout,2023-06-13,2023-06-20,6.33,6.15,1,4,-0.24,-3.71,-0.511,갭하락 손절,14.0,17.005550384521484,121.875,2.0,
CRDO,breakout,2023-06-16,2023-06-23,18.0,17.6,1,4,-0.56,-3.1,-0.402,갭하락 손절,10.0,19.825851440429688,138.2904815673828,2.0,
AMRX,breakout,2023-06-20,2023-06-26,2.83,2.83,7,4,0.02,0.1,0.017,손절,10.0,18.90755844116211,98.4732894897461,4.0,
XERS,breakout,2023-06-21,2023-06-26,3.01,2.8438,2,3,-0.39,-6.37,-1.159,손절,25.0,19.444442749023438,142.40000915527344,2.0,
DBI,breakout,2023-07-03,2023-07-10,9.2581,9.0869,2,4,-0.43,-2.3,-0.373,갭하락 손절,12.0,19.90971565246582,56.51465606689453,1.0,
BTDR,breakout,2023-07-10,2023-07-11,12.73,11.457,1,1,-1.38,-10.81,-1.085,손절,12.0,24.803924560546875,179.3478546142578,2.0,
NEXT,breakout,2023-07-07,2023-07-13,8.51,8.46,2,4,-0.23,-1.36,-0.191,갭하락 손절,12.0,13.014602661132812,71.02616119384766,1.0,
DBI,breakout,2023-07-10,2023-07-13,9.4204,8.9104,1,3,-0.59,-6.26,-1.162,손절,16.0,22.011316299438477,56.51465606689453,3.0,
GASS,breakout,2023-07-18,2023-07-19,4.75,4.484,1,1,-0.31,-6.45,-1.156,손절,10.0,17.03702163696289,62.92134475708008,3.0,
RCEL,breakout,2023-07-13,2023-07-20,17.8,18.3,1,5,0.34,1.89,0.345,SMA10 이탈,16.0,19.704103469848633,69.67680358886719,5.0,
PLTR,breakout,2023-07-12,2023-07-21,16.93,16.93,1,7,-0.15,-0.9,-0.162,손절,22.0,24.852502822875977,135.71426391601562,3.0,
QUAD,breakout,2023-07-27,2023-08-02,5.0218,4.9425,4,4,0.01,0.06,0.011,갭하락 손절,10.0,21.767271041870117,59.93482971191406,6.0,
ALTO,breakout,2023-07-28,2023-08-02,4.06,3.7973,1,3,-0.3,-7.31,-1.135,손절,11.0,18.367338180541992,102.11639404296875,1.0,
XPEV,breakout,2023-07-25,2023-08-04,16.46,18.32,1,8,1.7,10.3,1.694,SMA10 이탈,13.0,20.662975311279297,103.06460571289062,7.0,
HTT,breakout,2023-08-10,2023-08-11,2.48,2.3537,1,1,-0.15,-5.94,-1.172,손절,11.0,11.963891983032227,83.33333587646484,1.0,
ALTO,breakout,2023-08-08,2023-08-14,4.21,4.21,5,4,-0.09,-0.43,-0.074,손절,14.0,18.5915470123291,107.14285278320312,1.0,
SVRA,breakout,2023-08-09,2023-08-16,3.73,3.73,5,5,0.01,0.06,0.01,손절,13.0,19.551288604736328,55.6910514831543,2.0,
GNS,ep,2023-08-14,2023-08-16,14.892,13.1,1,2,-1.92,-12.82,-1.288,갭하락 손절,,,,,22.7
ILPT,breakout,2023-08-22,2023-08-25,3.9887,3.7409,5,3,-1.41,-7.05,-0.951,SMA10 이탈,15.0,15.896738052368164,154.29141235351562,1.0,
FULC,ep,2023-08-22,2023-08-28,5.3856,5.3856,3,4,0.07,0.45,0.061,손절,,,,,34.7
INOD,breakout,2023-08-30,2023-08-31,15.2,13.8576,1,1,-1.47,-9.65,-1.097,손절,10.0,20.73073387145996,56.27614212036133,7.0,
HTT,breakout,2023-08-31,2023-09-05,2.5,2.3694,7,2,-1.07,-6.07,-1.168,손절,14.0,18.48341178894043,53.93939208984375,8.0,
ORIC,breakout,2023-09-01,2023-09-05,9.38,9.0,1,1,-0.46,-4.91,-0.745,SMA10 이탈,11.0,14.390241622924805,51.59743881225586,2.0,
ORIC,breakout,2023-09-05,2023-09-06,9.46,8.8329,1,1,-0.71,-7.47,-1.131,손절,12.0,15.1219482421875,51.59743881225586,2.0,
PAY,breakout,2023-09-05,2023-09-08,15.35,14.8,1,3,-0.69,-4.45,-0.675,SMA10 이탈,17.0,18.258869171142578,60.312496185302734,4.0,
ESLA,ep,2023-09-21,2023-09-22,15.7794,13.97,1,1,-1.94,-12.26,-1.232,갭하락 손절,,,,,26.3
ORN,breakout,2023-09-19,2023-09-25,5.24,5.24,3,4,0.24,1.5,0.261,손절,11.0,15.044248580932617,81.58845520019531,1.0,
TIGR,breakout,2023-10-11,2023-10-12,5.605,5.3,2,1,-0.71,-6.29,-1.18,갭하락 손절,24.0,20.27897834777832,102.44329071044922,1.0,
SRRK,ep,2023-10-12,2023-10-13,7.8846,7.2161,2,1,-1.47,-9.3,-1.102,손절,,,,,12.8
VS,ep,2023-10-13,2023-10-16,7.1318,3.4416,2,1,-7.48,-52.18,-5.241,갭하락 손절,,,,,32.9
ORN,breakout,2023-10-17,2023-10-19,5.96,5.6196,1,2,-0.39,-6.56,-1.153,손절,11.0,21.632648468017578,69.96903228759766,3.0,
AYTU,breakout,2023-10-18,2023-10-23,3.18,2.94,3,3,-0.8,-8.38,-0.841,SMA10 이탈,10.0,22.307693481445312,110.52632141113281,1.0,
UEC,breakout,2023-10-23,2023-10-27,5.54,5.54,1,4,-0.05,-0.9,-0.142,손절,15.0,19.913423538208008,66.28241729736328,1.0,
TGTX,ep,2023-11-01,2023-11-07,10.3938,10.32,1,4,-0.17,-1.6,-0.235,갭하락 손절,,,,,31.8
LFMD,breakout,2023-11-06,2023-11-09,7.25,6.6721,1,3,-0.64,-8.8,-1.108,손절,15.0,21.440542221069336,113.87284088134766,3.0,
CISO,ep,2023-11-16,2023-11-17,2.6928,1.95,2,1,-1.53,-28.23,-2.836,갭하락 손절,,,,,10.0
EU,breakout,2023-11-14,2023-11-28,3.63,3.72,2,9,0.21,2.93,0.562,SMA10 이탈,34.0,22.37287712097168,62.67280578613281,1.0,
TZOO,breakout,2023-11-21,2023-11-28,9.49,9.22,1,4,-0.35,-3.72,-0.579,갭하락 손절,10.0,24.86841583251953,70.85952758789062,2.0,
UEC,breakout,2023-11-16,2023-11-29,6.13,6.17,1,8,-0.02,-0.25,-0.049,SMA10 이탈,10.0,14.579439163208008,34.89934158325195,1.0,
TLS,breakout,2023-12-04,2023-12-12,4.25,4.25,2,6,0.23,2.72,0.281,손절,11.0,19.382022857666016,134.7593536376953,1.0,
UIS,breakout,2023-12-07,2023-12-13,5.45,5.3,1,4,-0.2,-3.62,-0.494,갭하락 손절,11.0,17.965364456176758,100.38461303710938,3.0,
MGNX,breakout,2023-12-01,2023-12-18,8.36,8.68,1,11,0.24,2.9,0.371,SMA10 이탈,10.0,22.76064109802246,79.72028350830078,2.0,
CCCC,ep,2023-12-13,2024-01-17,3.2436,6.59,3,22,5.92,60.61,6.088,SMA10 이탈,,,,,35.9
MGNX,breakout,2024-01-08,2024-01-17,10.33,10.33,1,6,-0.09,-0.9,-0.165,손절,10.0,10.718118667602539,125.56722259521484,2.0,
LQDA,breakout,2024-01-17,2024-01-23,13.26,13.11,1,4,-0.27,-2.02,-0.275,갭하락 손절,10.0,17.761993408203125,103.96039581298828,1.0,
UEC,breakout,2024-01-10,2024-01-25,6.9,7.4,1,10,0.44,6.29,1.135,SMA10 이탈,18.0,17.838764190673828,39.14807891845703,3.0,
ARDX,breakout,2024-01-26,2024-01-31,9.2,8.73,1,3,-0.55,-5.96,-0.854,SMA10 이탈,10.0,16.38202667236328,173.46937561035156,1.0,
ZIM,breakout,2024-01-31,2024-02-01,8.9967,8.1824,1,1,-0.89,-9.87,-1.095,손절,11.0,19.36507225036621,140.5320587158203,2.0,
ZIM,breakout,2024-02-01,2024-02-02,9.3377,7.8362,1,1,-1.58,-16.83,-1.907,갭하락 손절,12.0,23.888896942138672,140.5320587158203,4.0,
FULC,breakout,2024-02-02,2024-02-05,8.07,7.4743,1,1,-0.67,-8.21,-1.117,손절,17.0,21.536148071289062,145.370361328125,3.0,
BLND,breakout,2024-02-16,2024-02-21,2.95,2.7319,1,2,-0.24,-8.22,-1.117,손절,12.0,18.473899841308594,140.49588012695312,4.0,
AXGN,breakout,2024-01-24,2024-02-28,9.32,10.33,1,24,0.92,9.84,1.642,SMA10 이탈,10.0,22.1494083404541,91.51139068603516,1.0,
BYRN,breakout,2024-03-07,2024-03-11,12.24,11.1925,1,2,-1.15,-9.38,-1.101,손절,11.0,16.349803924560547,129.85073852539062,3.0,
FULC,breakout,2024-02-06,2024-03-12,8.11,10.91,1,24,2.71,33.32,4.663,SMA10 이탈,19.0,22.138547897338867,145.370361328125,3.0,
SERA,breakout,2024-03-11,2024-03-12,9.94,9.16,1,1,-0.87,-8.67,-1.142,갭하락 손절,14.0,20.484840393066406,103.46939849853516,3.0,
LAC,ep,2024-03-14,2024-03-15,6.9666,6.48,1,1,-0.55,-7.82,-1.156,갭하락 손절,,,,,19.2
IBRX,breakout,2024-03-20,2024-03-25,5.55,5.44,2,3,-0.32,-2.86,-0.287,SMA10 이탈,10.0,14.197528839111328,70.83333587646484,4.0,
PACK,breakout,2024-04-04,2024-04-05,8.27,7.6314,1,1,-0.71,-8.55,-1.112,손절,10.0,14.542949676513672,99.48052215576172,1.0,
EXK,breakout,2024-03-28,2024-04-15,2.35,2.67,4,11,1.43,15.13,2.013,SMA10 이탈,10.0,14.356433868408203,59.154937744140625,2.0,
SPCB,ep,2024-04-15,2024-04-17,7.344,6.4,1,2,-1.01,-13.63,-1.37,갭하락 손절,,,,,28.6
VNDA,ep,2024-04-17,2024-04-18,5.5284,5.16,1,1,-0.42,-7.5,-1.181,갭하락 손절,,,,,33.8
NN,breakout,2024-04-16,2024-04-22,7.95,7.95,1,4,-0.07,-0.9,-0.1,손절,12.0,23.92829704284668,101.04224395751953,3.0,
GERN,breakout,2024-04-11,2024-04-23,3.52,3.52,3,8,0.02,0.23,0.033,손절,13.0,15.409839630126953,113.41464233398438,1.0,
FNGR,breakout,2024-04-29,2024-05-03,3.63,3.5,2,4,-0.39,-5.4,-0.543,갭하락 손절,12.0,24.73868179321289,105.2083511352539,2.0,
YSG,breakout,2024-05-13,2024-05-15,4.83,4.4018,2,2,-0.94,-9.68,-1.097,손절,10.0,18.6732177734375,145.2261505126953,2.0,
ARQT,ep,2024-05-15,2024-05-16,9.6084,8.8921,1,1,-0.8,-8.28,-1.116,손절,,,,,15.9
MESO,breakout,2024-05-28,2024-05-29,8.6,8.1135,1,1,-0.56,-6.5,-1.155,손절,14.0,21.947681427001953,312.68292236328125,3.0,
TKLF,ep,2024-05-28,2024-05-29,3.8658,2.7,2,1,-2.39,-30.78,-3.092,갭하락 손절,,,,,26.3
SLQT,breakout,2024-06-03,2024-06-06,3.22,3.02,2,3,-0.46,-7.05,-0.858,SMA10 이탈,10.0,19.658124923706055,111.82432556152344,5.0,
WOOF,ep,2024-05-22,2024-06-07,2.8152,3.65,3,11,1.96,23.09,2.691,SMA10 이탈,,,,,12.7
HRTX,breakout,2024-06-12,2024-06-13,3.9,3.6602,2,1,-0.55,-6.99,-1.142,손절,12.0,20.000003814697266,58.1497802734375,3.0,
CORZ,ep,2024-06-04,2024-06-21,6.375,8.97,1,12,2.53,39.45,4.993,SMA10 이탈,,,,,28.3
SFIX,breakout,2024-06-24,2024-06-25,4.06,3.7195,2,1,-0.75,-9.21,-1.103,손절,10.0,19.693397521972656,90.29127502441406,2.0,
EBS,breakout,2024-06-24,2024-06-28,6.94,6.94,1,4,-0.06,-0.9,-0.09,손절,10.0,20.695650100708008,294.5054626464844,9.0,
SFIX,breakout,2024-06-28,2024-07-03,4.09,3.88,2,3,-0.49,-5.98,-0.701,SMA10 이탈,10.0,20.577835083007812,94.41748809814453,2.0,
SFIX,breakout,2024-07-03,2024-07-05,4.23,3.87,2,1,-0.79,-9.33,-1.11,갭하락 손절,13.0,24.705196380615234,94.41748809814453,1.0,
FIP,breakout,2024-07-23,2024-07-29,9.4814,9.4814,1,4,-0.09,-0.9,-0.169,손절,10.0,13.641548156738281,39.032470703125,3.0,
EBS,breakout,2024-06-28,2024-07-30,7.18,11.87,1,21,4.6,63.84,6.413,SMA10 이탈,14.0,24.86956024169922,294.5054626464844,4.0,
POET,ep,2024-08-19,2024-08-23,3.1416,3.11,4,4,-0.34,-2.68,-0.271,갭하락 손절,,,,,10.8
SWIM,ep,2024-08-07,2024-08-28,4.0596,6.06,2,15,3.26,40.0,4.535,SMA10 이탈,,,,,28.0
CRVS,breakout,2024-08-26,2024-08-28,4.3,4.1,1,2,-0.24,-5.51,-0.553,SMA10 이탈,10.0,24.2774600982666,130.8571319580078,3.0,
REPL,breakout,2024-08-29,2024-08-30,11.15,10.4868,1,1,-0.76,-6.79,-1.147,손절,31.0,23.204410552978516,130.081298828125,4.0,
EVGO,breakout,2024-08-23,2024-09-04,4.02,4.02,3,7,0.13,1.08,0.11,손절,15.0,21.81818389892578,144.79165649414062,2.0,
ALDX,breakout,2024-09-03,2024-09-09,5.85,5.85,2,4,0.17,1.48,0.148,손절,10.0,16.533863067626953,75.67742919921875,4.0,
RZLT,ep,2024-09-09,2024-09-17,4.998,4.998,2,6,0.13,1.31,0.236,손절,,,,,12.6
UNIT,breakout,2024-09-05,2024-09-18,7.8904,8.6877,1,9,0.72,9.12,1.707,SMA10 이탈,10.0,11.111104965209961,76.44784545898438,2.0,
EVLV,breakout,2024-09-18,2024-09-24,4.3,4.3,3,4,0.12,0.95,0.127,손절,15.0,20.617115020751953,84.54936981201172,2.0,
SWIM,breakout,2024-09-24,2024-09-25,6.83,6.4534,2,1,-0.87,-6.36,-1.159,손절,19.0,23.95644187927246,162.89877319335938,2.0,
TSSI,breakout,2024-09-17,2024-10-02,5.4,6.48,1,11,1.03,18.92,2.02,SMA10 이탈,12.0,21.89617156982422,166.03775024414062,1.0,
NIO,breakout,2024-09-26,2024-10-08,6.0,6.24,2,8,1.16,9.59,1.35,SMA10 이탈,10.0,19.919527053833008,55.922855377197266,4.0,
TDAY,breakout,2024-10-09,2024-10-10,5.81,5.5107,1,1,-0.35,-6.0,-1.17,손절,14.0,12.162160873413086,54.83028793334961,1.0,
RAIL,breakout,2024-10-03,2024-10-14,11.55,11.55,1,7,-0.1,-0.9,-0.09,손절,11.0,22.481441497802734,254.48719787597656,3.0,
PHUN,ep,2024-10-15,2024-10-29,5.4672,8.68,1,10,3.15,57.34,7.46,SMA10 이탈,,,,,14.0
CRMD,breakout,2024-09-11,2024-10-30,6.46,10.05,1,35,3.52,54.18,6.109,SMA10 이탈,10.0,21.65725326538086,76.45429229736328,6.0,
RKLB,breakout,2024-10-15,2024-10-30,10.15,10.96,1,11,0.72,7.01,0.977,SMA10 이탈,11.0,15.340900421142578,145.0,1.0,
ENSC,ep,2024-10-30,2024-11-05,7.8336,7.8336,2,4,0.71,4.49,0.451,손절,,,,,23.4
CLOV,breakout,2024-11-06,2024-11-07,4.45,3.89,3,1,-1.79,-13.37,-2.282,갭하락 손절,13.0,19.94534683227539,91.8533706665039,1.0,
TKNO,breakout,2024-11-08,2024-11-12,7.49,6.741,2,2,-1.63,-10.81,-1.085,손절,13.0,21.66123390197754,87.24999237060547,3.0,
ALGS,ep,2024-11-12,2024-11-19,15.7692,15.7692,1,5,-0.14,-0.9,-0.09,손절,,,,,10.5
NAGE,breakout,2024-11-21,2024-11-27,7.67,7.62,2,4,-0.27,-1.74,-0.174,갭하락 손절,10.0,23.311901092529297,124.05061340332031,1.0,
RKLB,breakout,2024-11-06,2024-12-03,12.295,23.01,1,18,10.56,85.47,14.255,SMA10 이탈,10.0,17.444122314453125,100.6968765258789,2.0,
NAGE,breakout,2024-11-27,2024-12-04,7.85,7.58,2,4,-0.65,-4.12,-0.413,갭하락 손절,10.0,15.441167831420898,138.36476135253906,1.0,
BFLY,breakout,2024-12-10,2024-12-13,3.485,3.39,5,3,-0.63,-3.6,-0.372,SMA10 이탈,11.0,22.711265563964844,135.09933471679688,2.0,
KC,breakout,2024-12-20,2024-12-24,9.7,8.8815,2,2,-1.8,-9.26,-1.102,손절,10.0,20.347381591796875,267.9501953125,2.0,
LX,breakout,2024-12-26,2024-12-30,5.5145,5.168,3,2,-1.18,-7.12,-0.858,SMA10 이탈,11.0,11.83275032043457,136.57142639160156,1.0,
LODE,ep,2024-12-27,2024-12-31,7.038,6.3342,1,2,-0.76,-10.81,-1.085,손절,,,,,23.2
ETON,breakout,2024-12-31,2025-01-03,13.69,13.0,1,2,-0.81,-5.89,-0.892,SMA10 이탈,19.0,17.611682891845703,119.46623229980469,1.0,
KC,breakout,2024-12-26,2025-01-08,10.1,10.1,1,8,-0.09,-0.9,-0.128,손절,11.0,21.215879440307617,277.2850646972656,5.0,
HSAI,breakout,2025-01-21,2025-01-23,16.15,14.9,1,2,-1.39,-8.57,-0.861,SMA10 이탈,10.0,23.282432556152344,306.7164306640625,1.0,
TDUP,breakout,2025-02-04,2025-02-10,2.415,2.415,7,4,0.07,0.39,0.04,손절,10.0,18.38235855102539,164.8648681640625,1.0,
LX,breakout,2025-01-17,2025-02-11,5.6944,6.8263,3,16,1.13,6.59,1.193,SMA10 이탈,13.0,16.726625442504883,111.46178436279297,1.0,
ALLT,breakout,2025-02-06,2025-02-11,9.0,8.1418,1,3,-0.94,-10.35,-1.09,손절,10.0,20.000003814697266,126.82292175292969,1.0,
CGEN,breakout,2025-02-10,2025-02-11,2.65,2.39,6,1,-1.7,-10.62,-1.233,갭하락 손절,11.0,21.55963134765625,85.40145111083984,1.0,
AIFF,ep,2025-02-11,2025-02-20,4.386,7.2,3,6,11.89,89.95,9.036,SMA10 이탈,,,,,38.7
NWTG,ep,2025-02-12,2025-02-21,15.759,19.89,1,6,3.97,25.08,2.52,SMA10 이탈,,,,,29.1
FSI,breakout,2025-02-14,2025-02-21,6.5477,6.3718,3,4,-0.6,-3.07,-0.336,갭하락 손절,15.0,14.529919624328613,95.36902618408203,1.0,
RILY,ep,2025-02-27,2025-02-28,7.089,6.07,3,1,-3.23,-15.14,-1.521,갭하락 손절,,,,,23.2
BTCT,ep,2025-03-03,2025-03-04,5.3856,3.55,4,1,-7.5,-34.67,-3.502,갭하락 손절,,,,,32.0
PRCH,ep,2025-02-26,2025-03-10,4.947,5.805,4,8,5.46,27.46,3.368,SMA10 이탈,,,,,28.0
MLYS,ep,2025-03-10,2025-03-12,14.4126,12.59,1,2,-1.94,-13.43,-1.537,갭하락 손절,,,,,34.3
CRVO,ep,2025-03-13,2025-03-14,7.9458,5.74,2,1,-4.53,-28.41,-2.854,갭하락 손절,,,,,26.3
GOTU,breakout,2025-03-14,2025-03-20,3.88,3.76,4,4,-0.36,-2.3,-0.231,갭하락 손절,10.0,21.249998092651367,101.6042709350586,1.0,
QMCO,ep,2025-03-14,2025-03-20,16.83,16.83,1,4,-0.15,-0.9,-0.09,손절,,,,,11.3
MYSZ,ep,2025-03-31,2025-04-01,16.728,12.744,1,1,-4.12,-24.5,-2.461,갭하락 손절,,,,,14.5
LFMD,ep,2025-04-29,2025-04-30,8.1906,7.6018,1,1,-0.66,-8.02,-1.121,손절,,,,,31.6
QURE,ep,2025-04-17,2025-05-06,13.2651,13.2651,1,12,-0.12,-0.9,-0.09,손절,,,,,38.5
ASM,breakout,2025-05-09,2025-05-12,2.57,2.3976,3,1,-0.58,-7.54,-1.13,손절,10.0,24.154590606689453,91.30435943603516,2.0,
MASS,breakout,2025-05-08,2025-05-13,5.85,5.3205,2,3,-1.16,-9.87,-1.095,손절,11.0,16.766464233398438,209.375,1.0,
MASS,breakout,2025-05-13,2025-05-14,5.96,4.7,2,1,-2.62,-21.85,-2.715,갭하락 손절,14.0,18.962074279785156,209.375,1.0,
QUBT,ep,2025-05-16,2025-05-22,10.7406,10.58,1,4,-0.26,-2.38,-0.287,갭하락 손절,,,,,14.0
MBOT,breakout,2025-05-28,2025-05-29,2.92,2.7087,5,1,-1.18,-8.07,-1.12,손절,12.0,23.728824615478516,109.62963104248047,1.0,
QBTS,ep,2025-05-08,2025-06-05,8.8434,16.47,1,19,7.51,84.57,10.354,SMA10 이탈,,,,,25.8
ASM,breakout,2025-06-04,2025-06-10,3.57,3.55,4,4,-0.23,-1.59,-0.218,갭하락 손절,10.0,24.285720825195312,121.89781951904297,3.0,
CTMX,breakout,2025-06-12,2025-06-16,2.885,2.5965,5,2,-1.57,-10.81,-1.085,손절,10.0,22.765958786010742,560.0000610351562,1.0,
IA,breakout,2025-06-13,2025-06-20,12.41,12.34,1,4,-0.18,-1.45,-0.256,갭하락 손절,10.0,13.644683837890625,113.7735824584961,3.0,
SRFM,ep,2025-06-25,2025-06-26,4.488,2.82,3,1,-5.1,-37.73,-3.79,갭하락 손절,,,,,22.2
FULC,breakout,2025-06-27,2025-06-30,7.478,7.0068,1,1,-0.54,-7.14,-1.138,손절,19.0,19.171321868896484,222.8941650390625,1.0,
DFSC,ep,2025-06-26,2025-07-02,8.7516,9.37,1,4,0.54,6.11,0.613,SMA10 이탈,,,,,18.5
AIRS,breakout,2025-07-07,2025-07-09,5.46,4.9328,2,2,-1.15,-10.47,-1.089,손절,14.0,23.52941131591797,256.8627624511719,2.0,
PAYS,breakout,2025-06-16,2025-07-14,5.1,7.66,3,18,3.11,20.22,2.873,SMA10 이탈,11.0,24.390243530273438,154.4444580078125,3.0,
USAS,breakout,2025-07-07,2025-07-16,2.25,2.3,4,7,0.47,5.16,0.738,SMA10 이탈,18.0,25.0,109.52381896972656,4.0,
ASM,breakout,2025-07-10,2025-07-17,3.83,3.83,3,5,0.57,4.97,0.774,손절,16.0,19.003116607666016,105.9459457397461,2.0,
PRCH,breakout,2025-07-18,2025-07-24,13.59,13.59,1,4,-0.12,-0.9,-0.133,손절,11.0,15.758096694946289,116.72296142578125,2.0,
MASS,breakout,2025-07-28,2025-07-29,7.58,7.1301,2,1,-1.03,-6.78,-1.147,손절,24.0,19.747234344482422,91.90478515625,1.0,
IXHL,ep,2025-07-18,2025-07-30,12.9438,26.4,1,8,13.28,102.13,10.259,SMA10 이탈,,,,,14.3
PAPL,ep,2025-07-31,2025-08-04,3.8658,3.4792,5,2,-2.1,-10.81,-1.085,손절,,,,,27.6
IA,breakout,2025-08-05,2025-08-06,17.96,16.8932,1,1,-1.22,-6.78,-1.147,손절,10.0,19.548870086669922,70.4154052734375,2.0,
STLN,breakout,2025-08-05,2025-08-12,4.1,4.1,4,5,0.21,1.28,0.131,손절,10.0,23.926376342773438,87.5930404663086,4.0,
XFOR,ep,2025-08-13,2025-08-14,3.2538,2.5,6,1,-4.68,-23.86,-2.396,갭하락 손절,,,,,23.6
VIVO,ep,2025-08-08,2025-08-19,4.3758,5.35,4,7,4.78,27.17,2.729,SMA10 이탈,,,,,11.1
TNGX,breakout,2025-08-18,2025-08-20,7.15,6.75,2,2,-0.93,-6.44,-0.827,SMA10 이탈,17.0,23.91681671142578,302.2346496582031,1.0,
XGN,breakout,2025-08-20,2025-08-26,9.9,9.9,1,4,-0.09,-0.9,-0.165,손절,14.0,24.68513298034668,38.50838088989258,2.0,
TDUP,breakout,2025-08-21,2025-08-28,10.92,10.92,1,5,-0.1,-0.9,-0.128,손절,11.0,15.189874649047852,66.9195785522461,5.0,
SIFY,breakout,2025-08-25,2025-09-02,8.97,8.97,1,5,-0.08,-0.9,-0.096,손절,11.0,21.21621322631836,126.26507568359375,5.0,
VISN,breakout,2025-08-26,2025-09-02,4.5093,4.284,3,4,-0.44,-3.24,-0.563,갭하락 손절,10.0,10.648452758789062,188.18185424804688,1.0,
HLLY,breakout,2025-08-28,2025-09-03,4.0,3.84,3,3,-0.59,-4.86,-0.812,SMA10 이탈,10.0,14.490675926208496,91.66667175292969,5.0,
FOSL,breakout,2025-09-03,2025-09-05,3.37,3.07,5,2,-1.64,-9.72,-0.976,SMA10 이탈,10.0,20.35714340209961,181.8897705078125,2.0,
FOSL,breakout,2025-09-05,2025-09-08,3.43,3.08,4,1,-1.52,-11.01,-1.106,갭하락 손절,12.0,22.500001907348633,181.8897705078125,2.0,
WULF,breakout,2025-09-09,2025-09-15,10.25,10.25,1,4,-0.09,-0.9,-0.096,손절,14.0,19.18604278564453,214.99998474121094,4.0,
AVAH,breakout,2025-09-02,2025-09-16,8.035,8.23,2,10,0.23,1.45,0.224,SMA10 이탈,12.0,15.445399284362793,104.1554946899414,1.0,
BLZE,breakout,2025-09-05,2025-09-25,8.77,9.79,1,14,0.94,10.63,1.666,SMA10 이탈,15.0,19.466018676757812,75.48385620117188,8.0,
TLS,breakout,2025-09-22,2025-09-26,7.06,7.06,1,4,-0.06,-0.9,-0.133,손절,10.0,16.118419647216797,191.13926696777344,1.0,
ATAI,breakout,2025-09-18,2025-09-30,5.01,5.01,3,8,1.06,7.02,0.939,손절,16.0,18.57988739013672,148.3720703125,2.0,
XMAX,breakout,2025-09-29,2025-10-03,5.39,5.39,3,4,0.07,0.45,0.045,손절,14.0,17.943096160888672,320.5673828125,3.0,
JMIA,breakout,2025-10-02,2025-10-03,12.314,11.56,1,1,-0.86,-6.96,-1.047,SMA10 이탈,11.0,17.612218856811523,183.715576171875,1.0,
WULF,breakout,2025-10-03,2025-10-07,12.27,11.3329,1,2,-1.04,-8.47,-1.113,손절,10.0,17.64142608642578,150.6465606689453,3.0,
JMIA,breakout,2025-10-08,2025-10-10,12.7,11.8695,1,2,-0.94,-7.38,-1.133,손절,15.0,21.2989444732666,183.715576171875,3.0,
ATAI,breakout,2025-10-09,2025-10-10,5.69,5.3255,1,1,-0.41,-7.25,-1.136,손절,10.0,17.319595336914062,82.41590118408203,4.0,
JMIA,breakout,2025-10-10,2025-10-13,13.0,12.07,1,1,-1.04,-7.99,-1.325,갭하락 손절,17.0,24.16427230834961,183.715576171875,4.0,
SIFY,breakout,2025-09-26,2025-10-15,12.5,12.5,1,13,-0.11,-0.9,-0.137,손절,11.0,12.00716495513916,161.3445281982422,2.0,
CTNM,breakout,2025-10-16,2025-10-17,12.8,11.7329,1,1,-1.18,-9.16,-1.103,손절,18.0,24.756336212158203,166.074951171875,2.0,
AQMS,ep,2025-10-13,2025-10-21,6.477,11.79,2,6,14.35,110.31,11.081,SMA10 이탈,,,,,12.2
CTMX,breakout,2025-10-20,2025-10-22,3.51,3.39,6,2,-0.91,-4.28,-0.492,SMA10 이탈,12.0,14.70588493347168,102.61626434326172,3.0,
ENGS,breakout,2025-11-03,2025-11-06,9.2,8.5543,1,3,-0.73,-7.85,-1.124,손절,11.0,21.052635192871094,173.92739868164062,2.0,
PYXS,breakout,2025-11-03,2025-11-07,3.82,3.82,6,4,0.45,1.96,0.197,손절,15.0,21.269834518432617,266.50946044921875,4.0,
SUPV,ep,2025-10-27,2025-11-10,9.3534,11.64,2,10,3.86,20.52,2.062,SMA10 이탈,,,,,36.3
EGAN,breakout,2025-11-10,2025-11-13,15.55,13.53,1,3,-2.15,-13.77,-1.73,갭하락 손절,17.0,19.339990615844727,161.79000854492188,3.0,
SPRO,breakout,2025-11-10,2025-11-13,2.5,2.44,4,3,-0.33,-3.27,-0.596,SMA10 이탈,16.0,15.580201148986816,39.999996185302734,5.0,
SGHT,breakout,2025-11-10,2025-11-20,5.86,6.64,3,8,2.99,16.92,2.408,SMA10 이탈,12.0,20.57613182067871,66.73979949951172,4.0,
SSP,ep,2025-11-17,2025-12-01,2.8299,3.188,8,9,1.81,7.96,0.955,SMA10 이탈,,,,,20.6
BIOA,breakout,2025-11-17,2025-12-02,8.15,8.49,2,10,0.63,3.85,0.603,SMA10 이탈,16.0,20.74073600769043,89.010986328125,3.0,
FSLY,breakout,2025-12-02,2025-12-03,12.42,11.5538,2,1,-1.95,-7.81,-1.125,손절,12.0,23.33664894104004,62.120235443115234,5.0,
TTI,breakout,2025-12-04,2025-12-08,8.77,8.1828,1,2,-0.66,-7.53,-1.13,손절,15.0,24.397171020507812,73.23651123046875,6.0,
NRIX,breakout,2025-11-20,2025-12-16,14.68,18.84,1,17,4.01,27.19,3.672,SMA10 이탈,14.0,24.764358520507812,61.500919342041016,8.0,
FIGS,breakout,2025-12-03,2025-12-17,10.96,11.42,2,10,0.73,3.31,0.593,SMA10 이탈,12.0,22.458099365234375,57.53845977783203,7.0,
GLUE,breakout,2025-12-16,2025-12-17,18.15,16.9804,1,1,-1.33,-7.28,-1.135,손절,14.0,19.32938003540039,134.9788360595703,9.0,
ANNX,breakout,2025-12-08,2025-12-18,4.74,4.82,4,8,0.59,3.08,0.33,SMA10 이탈,10.0,18.20447540283203,99.60630798339844,2.0,
TRDA,breakout,2025-12-17,2025-12-19,11.44,10.7428,2,2,-1.59,-6.94,-1.143,손절,14.0,21.70212173461914,93.69368743896484,5.0,
SOC,ep,2025-12-23,2025-12-30,9.0066,8.68,2,4,-0.76,-4.21,-0.423,갭하락 손절,,,,,16.2
TTI,breakout,2026-01-05,2026-01-07,10.06,9.5548,2,2,-1.19,-5.87,-1.175,손절,14.0,18.66666030883789,40.29850769042969,3.0,
FBIO,breakout,2026-01-05,2026-01-12,4.15,4.15,4,5,0.31,1.85,0.288,손절,10.0,23.262834548950195,56.90375518798828,9.0,
STTK,breakout,2025-12-29,2026-01-20,3.36,4.34,7,14,4.11,17.39,2.127,SMA10 이탈,13.0,19.14893341064453,98.82353210449219,10.0,
DRTS,breakout,2026-01-07,2026-01-20,5.87,6.46,3,8,2.86,16.16,2.338,SMA10 이탈,12.0,23.578941345214844,51.77842330932617,2.0,
CMTL,breakout,2026-01-20,2026-01-21,6.08,5.4937,4,1,-2.55,-10.45,-1.089,손절,10.0,15.809524536132812,112.5,1.0,
BGL,ep,2026-01-23,2026-01-26,5.4468,4.36,4,1,-4.52,-20.67,-2.076,갭하락 손절,,,,,25.4
ASYS,breakout,2026-01-12,2026-02-04,13.97,15.75,1,16,1.65,11.73,1.571,SMA10 이탈,12.0,20.4310302734375,96.44445037841797,1.0,
TTI,breakout,2026-02-03,2026-02-04,12.25,11.546,2,1,-1.62,-6.59,-1.152,손절,10.0,14.485979080200195,68.5106430053711,3.0,
TTI,breakout,2026-02-04,2026-02-05,12.4,11.31,1,1,-1.2,-9.61,-1.725,갭하락 손절,11.0,15.79439640045166,68.5106430053711,2.0,
SND,breakout,2026-02-09,2026-02-10,4.7874,4.4981,4,1,-1.32,-6.88,-1.144,손절,10.0,12.895917892456055,69.74633026123047,3.0,
NEOG,breakout,2026-02-05,2026-02-11,10.86,10.74,2,4,-0.44,-2.04,-0.348,갭하락 손절,17.0,21.612537384033203,91.80634307861328,2.0,
IMUX,ep,2026-02-13,2026-02-17,11.526,9.3,1,1,-2.32,-20.04,-2.013,갭하락 손절,,,,,29.9
ERAS,breakout,2026-02-12,2026-02-19,12.48,12.48,1,4,-0.11,-0.9,-0.103,손절,10.0,23.442136764526367,281.067626953125,2.0,
CDIO,ep,2026-02-20,2026-02-23,3.1008,2.7907,3,1,-1.01,-10.81,-1.085,손절,,,,,35.7
SND,breakout,2026-02-11,2026-02-25,4.8344,4.8344,4,9,0.17,0.88,0.15,손절,10.0,11.977767944335938,69.2627182006836,4.0,
ERAS,breakout,2026-02-25,2026-02-26,14.0,13.0689,1,1,-1.05,-7.49,-1.131,손절,10.0,22.7531795501709,296.1904602050781,3.0,
ARIS,breakout,2026-02-20,2026-03-03,20.34,20.34,1,7,-0.18,-0.9,-0.134,손절,14.0,22.088836669921875,63.50447082519531,5.0,
INNV,breakout,2026-02-26,2026-03-04,9.28,9.28,2,4,0.04,0.23,0.025,손절,10.0,20.207250595092773,78.9473648071289,5.0,
CNVS,breakout,2026-03-05,2026-03-06,3.3,2.97,6,1,-2.15,-10.81,-1.086,손절,10.0,19.56521224975586,94.35028839111328,5.0,
ERAS,breakout,2026-03-03,2026-03-12,14.625,14.625,1,7,-0.13,-0.9,-0.134,손절,10.0,23.106061935424805,282.2289123535156,3.0,
IMMX,breakout,2026-03-06,2026-03-18,8.97,9.46,2,8,1.81,10.04,1.181,SMA10 이탈,11.0,21.62712860107422,98.22968292236328,3.0,
ALTO,ep,2026-03-05,2026-03-19,3.621,4.52,1,10,0.86,23.71,3.525,SMA10 이탈,,,,,36.5
LWLG,ep,2026-03-12,2026-03-19,6.12,6.12,3,5,2.3,12.49,1.255,손절,,,,,19.5
OVID,ep,2026-03-18,2026-03-19,2.4582,2.2518,8,1,-1.82,-9.22,-1.103,손절,,,,,19.9
TNGX,breakout,2026-03-23,2026-03-27,19.805,19.805,1,4,-0.18,-0.9,-0.106,손절,10.0,22.936058044433594,82.31643676757812,2.0,
STTK,breakout,2026-03-25,2026-03-27,6.31,6.02,3,2,-1.04,-5.45,-0.7,SMA10 이탈,11.0,13.48921012878418,77.55682373046875,3.0,
GTE,breakout,2026-03-27,2026-04-01,9.14,8.4245,2,3,-1.59,-8.65,-1.11,손절,13.0,22.192514419555664,124.55241394042969,8.0,
RLMD,breakout,2026-03-31,2026-04-07,6.735,6.735,2,4,0.04,0.32,0.035,손절,14.0,18.573951721191406,133.1574249267578,1.0,
TRDA,breakout,2026-04-06,2026-04-10,13.66,13.66,1,4,-0.12,-0.9,-0.129,손절,16.0,24.578201293945312,46.35584259033203,4.0,
STTK,breakout,2026-04-07,2026-04-13,6.81,6.81,1,4,-0.06,-0.9,-0.134,손절,10.0,18.43478775024414,79.26136016845703,3.0,
TH,ep,2026-04-01,2026-04-22,12.6684,14.61,1,14,1.82,14.29,2.815,SMA10 이탈,,,,,33.8
ELDN,breakout,2026-04-14,2026-04-23,3.28,3.59,5,7,2.17,13.18,1.868,SMA10 이탈,14.0,22.38805389404297,63.17135238647461,3.0,
TROX,breakout,2026-04-22,2026-04-23,9.788,9.1697,2,1,-1.41,-7.16,-1.138,손절,14.0,17.396461486816406,67.72341918945312,3.0,
CVGI,breakout,2026-04-23,2026-04-29,4.4,4.26,4,4,-0.7,-3.94,-0.402,갭하락 손절,10.0,19.89101219177246,212.0567626953125,4.0,
SND,breakout,2026-04-23,2026-04-30,5.1395,5.1395,2,5,-0.07,-0.71,-0.111,손절,16.0,15.952396392822266,60.439552307128906,1.0,
SND,breakout,2026-04-30,2026-05-05,5.3639,5.083,3,3,-0.98,-6.09,-1.167,손절,21.0,21.01583480834961,60.439552307128906,5.0,
ALTO,breakout,2026-05-01,2026-05-07,5.58,5.4,2,4,-0.3,-2.67,-0.442,갭하락 손절,13.0,18.723403930664062,133.3333282470703,1.0,
NEXA,breakout,2026-05-05,2026-05-07,15.9747,14.8045,1,2,-1.31,-8.16,-1.118,손절,10.0,16.871822357177734,89.05192565917969,3.0,
SVCO,breakout,2026-04-14,2026-05-11,7.65,11.13,1,19,3.4,44.19,5.16,SMA10 이탈,11.0,13.16567611694336,142.3452911376953,2.0,
QUBT,ep,2026-05-12,2026-05-13,12.954,11.695,1,1,-1.37,-10.53,-1.287,갭하락 손절,,,,,24.8
DTIL,breakout,2026-05-11,2026-05-15,8.06,8.01,2,4,-0.15,-0.9,-0.127,갭하락 손절,15.0,24.0,118.97017669677734,4.0,
VELO,ep,2026-05-13,2026-05-19,17.0748,17.0748,1,4,-0.15,-0.9,-0.09,손절,,,,,19.1
RLYB,breakout,2026-05-21,2026-05-27,15.15,14.53,1,3,-0.75,-4.95,-0.925,SMA10 이탈,11.0,11.315214157104492,93.79747009277344,1.0,
IFRX,breakout,2026-05-26,2026-05-28,2.8,2.52,2,2,-0.61,-10.81,-1.085,손절,11.0,24.72161102294922,268.1647644042969,3.0,
ASPN,breakout,2026-05-27,2026-06-02,6.055,6.055,4,4,0.11,0.45,0.054,손절,11.0,23.546207427978516,85.80858612060547,7.0,
CODX,ep,2026-05-21,2026-06-03,3.213,5.17,5,8,13.84,85.75,8.613,SMA10 이탈,,,,,31.8
CDXS,breakout,2026-06-04,2026-06-05,2.85,2.639,8,1,-1.89,-8.23,-1.117,손절,16.0,21.276592254638672,111.3475341796875,1.0,
CRE,ep,2026-06-16,2026-06-17,4.2942,3.8648,5,1,-2.33,-10.81,-1.085,손절,,,,,33.7
SIF,breakout,2026-06-17,2026-06-18,23.0,21.2824,1,1,-1.92,-8.3,-1.116,손절,15.0,22.01591682434082,85.64356231689453,4.0,
CLPT,ep,2026-06-17,2026-06-18,18.513,17.1736,1,1,-1.5,-8.07,-1.12,손절,,,,,36.1
CRVO,ep,2026-06-18,2026-06-22,4.7736,4.03,4,1,-3.13,-16.33,-1.641,갭하락 손절,,,,,22.8
FCUV,ep,2026-06-25,2026-06-26,6.1506,3.8,1,1,-2.4,-38.77,-3.895,갭하락 손절,,,,,36.4
MGNX,breakout,2026-06-23,2026-06-30,4.635,4.635,4,5,0.18,0.97,0.15,손절,19.0,21.65355682373047,69.96336364746094,3.0,
EVC,breakout,2026-06-23,2026-07-07,10.0054,11.9,1,9,1.8,17.87,2.39,SMA10 이탈,19.0,19.19432830810547,244.2176513671875,2.0,
HPP,breakout,2026-07-02,2026-07-08,16.36,15.393,1,3,-1.11,-6.75,-1.148,손절,14.0,20.973777770996094,159.76820373535156,1.0,
NCI,breakout,2026-07-09,2026-07-10,12.169,11.4853,1,1,-0.79,-6.46,-1.156,손절,11.0,20.009851455688477,97.9166488647461,2.0,
BHVN,breakout,2026-07-09,2026-07-10,16.84,15.514,1,1,-1.47,-8.7,-1.11,손절,10.0,19.85764503479004,92.214111328125,4.0,
EVH,breakout,2026-06-26,2026-07-16,5.15,5.67,3,13,1.55,10.01,1.32,SMA10 이탈,12.0,19.628345489501953,116.34275817871094,3.0,
NCI,breakout,2026-07-10,2026-07-16,12.18,11.5,1,4,-0.79,-6.43,-1.158,갭하락 손절,12.0,20.118343353271484,97.9166488647461,1.0,
TMCI,breakout,2026-07-16,2026-07-17,4.74,4.2707,3,1,-1.53,-10.71,-1.086,손절,12.0,23.4375,177.906982421875,10.0,
MYGN,breakout,2026-07-16,2026-07-20,6.36,5.9649,1,2,-0.45,-7.05,-1.14,손절,11.0,14.59459114074707,71.10481262207031,2.0,
ZNTL,breakout,2026-07-20,2026-07-22,5.338,4.8272,2,2,-1.11,-10.38,-1.09,손절,12.0,24.8654842376709,49.41520690917969,13.0,
MRVI,breakout,2026-07-15,2026-07-24,6.635,6.76,2,7,0.36,2.69,0.515,SMA10 이탈,10.0,17.0194034576416,88.21839141845703,5.0,
DOMO,ep,2026-07-23,2026-07-24,4.3707,3.9336,2,1,-0.95,-10.81,-1.086,손절,,,,,36.0
XNCR,breakout,2026-07-20,2026-08-03,17.675,19.4,1,10,1.56,8.78,1.304,SMA10 이탈,12.0,22.91376495361328,61.97590637207031,11.0,
CERT,breakout,2026-07-24,2026-08-04,7.395,6.332,2,7,-0.5,-3.36,-0.577,갭하락 손절,12.0,14.651166915893555,66.06742095947266,4.0,
DXST,ep,2026-08-04,2026-08-05,3.0498,2.46,5,1,-3.07,-20.06,-2.143,갭하락 손절,,,,,32.3
SMWB,breakout,2026-08-03,2026-08-07,7.375,7.375,2,4,-0.13,-0.86,-0.117,손절,12.0,23.949586868286133,157.33787536621094,3.0,
JLHL,ep,2026-08-05,2026-08-13,7.1502,7.61,2,6,1.5,10.47,1.051,SMA10 이탈,,,,,29.3
AIRO,ep,2026-08-13,2026-08-14,10.1286,9.4467,1,1,-0.77,-7.57,-1.129,손절,,,,,17.0
QMCO,ep,2026-08-11,2026-08-20,14.8104,20.49,1,7,5.52,37.11,3.728,SMA10 이탈,,,,,23.3
SUGP,ep,2026-08-21,2026-08-24,3.9066,1.43,3,1,-7.5,-63.72,-6.401,갭하락 손절,,,,,38.0
XGN,breakout,2026-08-20,2026-08-26,7.45,7.45,2,4,0.02,0.1,0.013,손절,10.0,15.325069427490234,75.30863189697266,3.0,
SABR,breakout,2026-08-25,2026-08-27,2.29,2.1233,5,2,-0.93,-8.11,-1.119,손절,11.0,18.041229248046875,45.71428298950195,11.0,
BRNX,ep,2026-08-27,2026-08-28,7.0329,3.83,1,1,-3.25,-46.03,-4.624,갭하락 손절,,,,,10.5
LUNG,breakout,2026-08-26,2026-09-01,2.54,2.26,3,4,-0.67,-8.7,-0.874,갭하락 손절,10.0,17.75699806213379,107.69231414794922,7.0,
SMWB,breakout,2026-09-01,2026-09-02,9.5,8.99,1,1,-0.59,-6.22,-1.23,갭하락 손절,12.0,22.007715225219727,92.17759704589844,4.0,
ARCT,ep,2026-08-19,2026-09-08,9.5982,15.63,1,13,5.92,61.38,10.05,SMA10 이탈,,,,,14.6
RCEL,breakout,2026-09-03,2026-09-08,10.9,10.41,1,2,-0.59,-5.35,-0.563,SMA10 이탈,10.0,12.525880813598633,179.3565673828125,1.0,
WYHG,ep,2026-09-08,2026-09-09,5.6304,5.05,2,1,-1.26,-11.11,-1.116,갭하락 손절,,,,,36.0
VSTM,breakout,2026-09-08,2026-09-09,8.21,7.94,1,1,-0.34,-4.16,-0.681,백테스트 종료,12.0,24.01813316345215,129.15451049804688,8.0,
AVAH,breakout,2026-09-09,2026-09-09,14.0,14.0,1,0,-0.13,-0.9,-0.158,백테스트 종료,10.0,7.94140100479126,66.03324127197266,1.0,
SUNE,ep,2026-09-09,2026-09-09,3.0702,3.0702,2,0,-0.06,-0.9,-0.117,백테스트 종료,,,,,27.0
